user_id,name,email,signup_date,domain
1,Cynthia Morris,aliciaodonnell@example.com,2020-10-05,example.com
2,Rachel Rogers,craigjones@example.net,2020-04-02,example.net
3,Stephen Marquez,jbutler@example.org,2020-06-30,example.org
4,Anna Gutierrez,lindsay08@example.net,2023-12-14,example.net
5,Mike Williams,iwatson@example.net,2021-12-24,example.net
6,Mr. Ian Lawrence,mark04@example.net,2022-04-05,example.net
7,Morgan Allen,amanda34@example.org,2021-02-14,example.org
8,Angela Sullivan,christopher84@example.com,2023-11-05,example.com
9,Stephen Barber,frederick78@example.net,2024-07-26,example.net
10,Haley King,danielsbrittany@example.com,2022-04-19,example.com
11,Mrs. Stacie Williams,amiller@example.com,2024-05-28,example.com
12,Timothy Bennett,gcunningham@example.net,2021-02-03,example.net
13,Denise Baker,asilva@example.net,2021-08-01,example.net
14,Felicia Lee,katherine95@example.org,2022-03-14,example.org
15,Michael Martin,xarnold@example.org,2022-04-25,example.org
16,Mr. Travis Evans,evanskristy@example.com,2022-10-13,example.com
17,Rebecca Kelly,washingtonyolanda@example.net,2020-02-09,example.net
18,Peter Hoffman,jessica78@example.net,2021-08-10,example.net
19,Ashley Donovan,singletonkathryn@example.net,2022-04-04,example.net
20,Sarah Landry,seanlee@example.net,2024-08-21,example.net
21,Frank Taylor,lhuffman@example.net,2021-08-24,example.net
22,Lisa Brown,carmen23@example.net,2022-01-31,example.net
23,Bridget Smith,brownamanda@example.org,2022-10-30,example.org
24,Megan Austin,ucooley@example.org,2023-05-12,example.org
25,Jennifer Turner,vsmith@example.net,2023-11-26,example.net
26,Brandon Marsh,leejoseph@example.com,2021-10-04,example.com
27,Christie Mitchell,derekhampton@example.org,2023-09-03,example.org
28,Frank Carter,amber63@example.net,2022-01-28,example.net
29,Beth Peters,josephcastaneda@example.com,2023-02-12,example.com
30,Breanna Mcdaniel,rfisher@example.com,2024-04-28,example.com
31,Robert Cohen,kwoods@example.net,2024-09-27,example.net
32,Robert Davies,yodergrace@example.net,2021-08-13,example.net
33,Cheyenne Ayers,vparrish@example.org,2024-01-10,example.org
34,Nicholas Williams,barajasnicholas@example.org,2022-02-28,example.org
35,Mary Sutton,meredith31@example.org,2021-12-04,example.org
36,Madison Moreno,popejeremy@example.net,2020-08-23,example.net
37,Kenneth Hill,andrewoconnor@example.org,2022-08-28,example.org
38,Alicia Dougherty,andrewestrada@example.net,2024-07-19,example.net
39,Peter Clark,nancy50@example.net,2023-12-22,example.net
40,Monica Bush,qcortez@example.org,2024-10-26,example.org
41,Alfred Fields,shodge@example.net,2020-07-17,example.net
42,Catherine Schmidt,grahamryan@example.com,2023-12-14,example.com
43,Margaret Graham,harperbrandon@example.net,2024-11-17,example.net
44,Brian Chase,luis56@example.com,2020-07-10,example.com
45,Claire Alvarez MD,greenerachel@example.net,2021-09-25,example.net
46,Hailey Kennedy,bethblack@example.com,2023-06-06,example.com
47,Jeff Gray,kyledavis@example.org,2022-03-08,example.org
48,Darlene Taylor,bmerritt@example.net,2022-01-27,example.net
49,Donna Phillips,vanessacastro@example.net,2023-06-23,example.net
50,Matthew Diaz,kenneth21@example.net,2021-06-17,example.net
51,Jackson Oconnor,goulddavid@example.com,2024-09-09,example.com
52,Steven Johnson,moodybeth@example.com,2020-11-21,example.com
53,Krista Powers,pamelaking@example.org,2023-09-13,example.org
54,Jenna Parker,zrogers@example.com,2021-11-19,example.com
55,Corey Brown,cindy65@example.com,2024-07-05,example.com
56,Tyler Jensen,frank62@example.org,2020-08-21,example.org
57,Emily Deleon,davidmathews@example.org,2023-03-04,example.org
58,Ryan Gonzalez,larrygeorge@example.org,2023-06-09,example.org
59,Jose Maldonado,jjones@example.net,2024-08-02,example.net
60,Matthew Gutierrez,kirbyelizabeth@example.org,2020-05-02,example.org
61,Andrew Hernandez,dawn63@example.net,2020-07-28,example.net
62,Audrey Wade,chansen@example.com,2021-07-04,example.com
63,Ashley Jackson,brandy86@example.com,2024-05-26,example.com
64,Maria Hamilton,ephillips@example.net,2021-04-08,example.net
65,Emily Quinn,kevin48@example.com,2020-02-09,example.com
66,Kathleen Peters,ronald76@example.net,2023-03-01,example.net
67,Abigail Marquez,wthompson@example.org,2024-04-12,example.org
68,Ruben Banks,testrada@example.net,2020-05-06,example.net
69,Regina Hall,jackbell@example.com,2020-11-21,example.com
70,Tristan Richardson,schneiderheather@example.net,2021-05-12,example.net
71,Laurie Jacobs,kballard@example.org,2024-04-23,example.org
72,Carl Harris,billy20@example.com,2022-10-22,example.com
73,Abigail Hernandez,clarksean@example.com,2021-07-26,example.com
74,Aaron Snyder,jean15@example.org,2023-01-28,example.org
75,Julie Huffman,jessicamendoza@example.net,2021-01-03,example.net
76,Aaron Macdonald,jennifermartinez@example.net,2021-03-24,example.net
77,Brittany Lawrence,nmoore@example.org,2023-08-27,example.org
78,Sarah Martin,davidberry@example.com,2024-06-03,example.com
79,Mario Johnson,bhammond@example.com,2020-04-12,example.com
80,Laurie Jones,gsmith@example.net,2020-01-14,example.net
81,Deanna Wade,david38@example.org,2020-01-11,example.org
82,Jillian Jones,andrewmora@example.net,2024-07-27,example.net
83,Kelly Escobar,lisaweaver@example.net,2024-08-06,example.net
84,Joanne Kim,ashley66@example.org,2022-09-12,example.org
85,Michelle Smith,mcdaniellisa@example.org,2021-06-05,example.org
86,John Ellis,brianna11@example.com,2023-06-22,example.com
87,Michelle Ferguson,uoconnor@example.org,2024-10-24,example.org
88,Michael Rodriguez,allenscott@example.com,2023-06-15,example.com
89,James Ashley,yangsamantha@example.org,2024-07-08,example.org
90,Angela Galloway,vazquezstephanie@example.org,2022-12-04,example.org
91,Veronica Adams,jodydeleon@example.com,2022-01-24,example.com
92,Michael Harper,sonia00@example.com,2022-06-15,example.com
93,Larry Williams,griffincolleen@example.org,2024-09-22,example.org
94,Michael Hughes,garciaryan@example.org,2024-03-08,example.org
95,Michael Martin,molinamichaela@example.com,2020-02-18,example.com
96,Laura Jimenez,christinaspencer@example.com,2020-11-01,example.com
97,Cheryl Williams,ashleyfreeman@example.com,2022-12-14,example.com
98,Jessica Walter,vrodriguez@example.org,2024-09-08,example.org
99,Dennis Jones,amanda04@example.net,2024-09-29,example.net
100,Jasmine Stafford,shelbyharris@example.net,2020-12-01,example.net
101,Joseph Hall,adam44@example.net,2020-09-29,example.net
102,Joseph Davis,scantu@example.com,2024-11-10,example.com
103,Rebekah Nelson,dickersonevan@example.org,2022-12-31,example.org
104,Charles Davis,garykaiser@example.net,2023-10-23,example.net
105,Nathan Khan,caitlingardner@example.org,2021-05-22,example.org
106,Joanna Townsend,iberry@example.net,2020-10-04,example.net
107,Mrs. Jessica Martin,jillian58@example.com,2022-09-08,example.com
108,Brianna Lozano,philipbennett@example.com,2023-09-05,example.com
109,Sharon Scott,savila@example.net,2021-06-30,example.net
110,Mark Houston,josephbishop@example.com,2023-11-02,example.com
111,Jessica Anderson,nataliesmith@example.net,2022-09-09,example.net
112,Candace Williamson,michaellambert@example.com,2021-10-06,example.com
113,Jessica Moore,paulrich@example.com,2023-06-05,example.com
114,Erin Villarreal,jjones@example.com,2022-10-10,example.com
115,Alexis Becker DVM,robert84@example.net,2021-09-24,example.net
116,Eileen Ellis,bobbyrobinson@example.com,2022-11-30,example.com
117,Jason Sims,holmeschristopher@example.com,2024-02-18,example.com
118,Jennifer Luna,andersoneric@example.com,2020-06-22,example.com
119,Xavier Snow,goodwinpaul@example.net,2022-01-14,example.net
120,Jeffrey Smith,johnknight@example.com,2021-02-14,example.com
121,Lauren Cohen,jacksonjeffrey@example.net,2021-06-21,example.net
122,Cheryl Grimes,reyestimothy@example.org,2024-06-04,example.org
123,Ashley Mcdonald,melodyclark@example.org,2024-10-10,example.org
124,Kyle Warner,ramseyaaron@example.com,2022-04-29,example.com
125,Diana Howard,carrie38@example.com,2024-07-13,example.com
126,Eileen Benton,catherinedavis@example.org,2022-07-10,example.org
127,Curtis Robbins,ujones@example.com,2022-05-12,example.com
128,Isaiah Ellis,gina41@example.net,2020-08-03,example.net
129,Erik Brooks,bankskelly@example.com,2022-03-13,example.com
130,Jennifer Walker,msanchez@example.net,2022-06-03,example.net
131,Alan Smith,hoodtravis@example.org,2022-12-05,example.org
132,Nicole Lewis,frostleah@example.org,2020-07-25,example.org
133,Sarah Mendez,monroeshannon@example.com,2024-11-27,example.com
134,Deborah Mcgrath,virginia65@example.net,2022-03-19,example.net
135,Curtis Lawrence,carlanelson@example.net,2022-11-01,example.net
136,Stephanie Marsh,jillglover@example.org,2021-01-26,example.org
137,Jennifer Perez,hannahdonovan@example.com,2021-06-24,example.com
138,Andrew Velez,sarapatel@example.org,2024-04-14,example.org
139,April Johnson,pamela17@example.net,2023-02-25,example.net
140,Karen Schmitt,wallacesarah@example.org,2023-03-23,example.org
141,Anthony Wilson,josephgonzalez@example.com,2023-12-11,example.com
142,Sherry Mejia,williamdawson@example.com,2023-10-01,example.com
143,Meredith Henry,mary81@example.org,2023-06-14,example.org
144,Holly Freeman,kevin43@example.com,2020-07-01,example.com
145,Timothy Butler,lynnanderson@example.net,2023-02-11,example.net
146,John Chase,linda13@example.net,2023-07-09,example.net
147,Kayla Taylor,markatkinson@example.org,2022-10-23,example.org
148,Jeanette Schmidt,carlasantos@example.com,2024-08-08,example.com
149,Kevin Martin,charles10@example.org,2023-10-27,example.org
150,Victoria Tucker,dawn74@example.org,2021-05-10,example.org
151,Nicholas Rodriguez,smithmichael@example.com,2020-10-06,example.com
152,Evelyn Gonzales,sue22@example.net,2021-01-01,example.net
153,Sandra Sanders,jonathanhenry@example.com,2020-11-13,example.com
154,Kristopher Higgins,terrysamantha@example.org,2022-02-16,example.org
155,Laura Weber,wsmith@example.org,2023-01-24,example.org
156,Shelly Bush,rsnow@example.com,2020-11-24,example.com
157,Julie Lopez,candacesharp@example.com,2024-01-28,example.com
158,Theresa Ramirez,nhoward@example.net,2024-12-07,example.net
159,Jennifer Fitzgerald,williamsjacob@example.org,2024-01-18,example.org
160,Dawn Smith,joseph95@example.com,2020-07-29,example.com
161,Laura Deleon,christopherclark@example.net,2021-08-07,example.net
162,James Rogers,brian67@example.net,2021-11-13,example.net
163,Jessica Rocha,francis30@example.org,2021-04-23,example.org
164,Shannon Hanson,uarnold@example.com,2022-12-02,example.com
165,Tara Smith,davidruiz@example.org,2020-09-15,example.org
166,Jennifer Coleman,tina49@example.org,2024-03-26,example.org
167,Jessica Boyd,michael87@example.net,2024-01-21,example.net
168,Sarah Le,brownmichael@example.org,2021-03-30,example.org
169,Carolyn Jenkins,wrightcarrie@example.com,2020-04-10,example.com
170,Paula Ferguson,jamesgarrison@example.org,2023-05-19,example.org
171,John Austin,baileytyler@example.net,2021-07-16,example.net
172,Richard Mitchell,lewisrobert@example.com,2022-07-30,example.com
173,Eric Norris,erica50@example.com,2022-06-06,example.com
174,Travis Lewis,katie93@example.net,2024-09-05,example.net
175,Anthony Houston,hollylewis@example.org,2021-02-20,example.org
176,Jessica Robles,laura73@example.org,2022-07-12,example.org
177,Michael Russo,nicolephillips@example.net,2021-12-13,example.net
178,Brittany Munoz,nicole36@example.com,2020-09-30,example.com
179,Timothy Dominguez,shellyfranklin@example.org,2022-11-20,example.org
180,Bryan Strong,marshalltracy@example.net,2021-09-08,example.net
181,Bridget Dodson,stevendonovan@example.net,2024-03-25,example.net
182,Donna Mays,kelly93@example.com,2022-02-23,example.com
183,Alejandra Mccarthy,jacobdavis@example.net,2021-12-11,example.net
184,Clifford Rogers,rmacias@example.org,2022-09-14,example.org
185,Anthony Carney,justin10@example.net,2023-05-19,example.net
186,Richard Clark,mary11@example.org,2024-02-01,example.org
187,Jamie Alvarez,smithronald@example.net,2022-11-05,example.net
188,Shawn Anderson,tbest@example.net,2022-08-26,example.net
189,Lisa Riley,bartonjo@example.net,2024-12-05,example.net
190,Carol Garcia,dwilliamson@example.org,2024-05-07,example.org
191,Stephen Cline,joshuabooth@example.org,2023-09-15,example.org
192,Brian Mann,patricia31@example.com,2022-06-01,example.com
193,Kristen Hall,ubartlett@example.org,2021-01-24,example.org
194,Tyler Davis,andrewsmith@example.net,2021-09-06,example.net
195,Nicholas Wilson,ballkathleen@example.org,2023-03-23,example.org
196,Natalie Brewer,paul02@example.net,2024-03-26,example.net
197,Colleen Blair,cannoncarlos@example.org,2021-12-31,example.org
198,Tracy Howell,linjustin@example.org,2020-02-15,example.org
199,Mary Smith,meyeralicia@example.net,2023-07-24,example.net
200,Kevin Salazar,samantharoberts@example.net,2021-07-14,example.net
201,Justin Elliott,gina54@example.org,2024-06-08,example.org
202,Frank Edwards,chad32@example.net,2020-06-23,example.net
203,Lori Johnston,tammy59@example.com,2021-12-18,example.com
204,Michael Ballard,clarkkirk@example.net,2024-03-12,example.net
205,Kathleen Johnson,pottsryan@example.org,2021-05-03,example.org
206,Peter Hurst,robingilbert@example.org,2023-11-12,example.org
207,Michael Burns,acrawford@example.net,2021-10-23,example.net
208,David Vazquez,omoore@example.net,2022-12-24,example.net
209,Thomas Anthony,rachel33@example.net,2024-05-24,example.net
210,Angelica Marshall,pwade@example.org,2021-03-05,example.org
211,Jessica White,sstark@example.org,2023-07-25,example.org
212,Dennis Martinez,jane67@example.com,2020-04-03,example.com
213,Bradley Smith,mariomahoney@example.com,2023-05-26,example.com
214,Cynthia Odonnell,tracycarson@example.net,2023-05-11,example.net
215,Jesse Steele,ballardellen@example.org,2020-06-23,example.org
216,Jeremy Anderson,gonzalesscott@example.com,2024-02-17,example.com
217,Lacey Mitchell,lopezdavid@example.com,2023-08-27,example.com
218,Jason Barker,johnsonstephen@example.net,2021-02-17,example.net
219,Ronald Wilson,angelabryant@example.org,2023-12-09,example.org
220,John Robertson,alejandroochoa@example.net,2023-11-29,example.net
221,Rhonda Poole,carlos71@example.com,2024-07-18,example.com
222,David Hall,xclayton@example.org,2024-04-28,example.org
223,Kelsey Kim,thomas32@example.net,2022-07-16,example.net
224,Crystal Johnston,robertcantu@example.net,2022-06-24,example.net
225,Andrea Fischer,susandoyle@example.com,2021-04-21,example.com
226,Julie Terrell,gregory59@example.net,2021-09-07,example.net
227,Debra Williams,smiththomas@example.com,2024-10-07,example.com
228,Katie Hahn,kathleenhancock@example.net,2022-07-17,example.net
229,Felicia Wright,arellanomark@example.org,2024-07-23,example.org
230,Hannah Carroll,racheltodd@example.net,2021-01-14,example.net
231,Jennifer Hunt,valdezthomas@example.org,2021-04-18,example.org
232,Sarah Martin,brettfisher@example.com,2021-04-15,example.com
233,Anthony Lopez,christine26@example.org,2023-12-03,example.org
234,Ryan Jones,taylordavid@example.org,2021-06-16,example.org
235,Timothy Thomas,haasterri@example.net,2021-11-27,example.net
236,Hector Taylor,wyang@example.com,2022-03-24,example.com
237,Diana Woods,hlambert@example.com,2023-06-16,example.com
238,Charles Hernandez,collinswilliam@example.net,2024-02-05,example.net
239,Thomas Edwards,mary51@example.net,2023-12-15,example.net
240,Jessica Stewart,williamray@example.org,2020-02-27,example.org
241,Amber Gordon DVM,cjones@example.net,2021-08-27,example.net
242,Stephanie Barker,jessicadillon@example.com,2021-10-31,example.com
243,Tammy Murray,znichols@example.org,2023-01-26,example.org
244,Mary Flores,cynthiajohnson@example.net,2022-12-30,example.net
245,Kim Anderson,natasharoy@example.com,2020-05-17,example.com
246,Stacy White,bwilliams@example.org,2020-07-03,example.org
247,Michelle Knapp,sdavis@example.com,2021-01-17,example.com
248,Aaron Rivas,davisshannon@example.org,2022-10-02,example.org
249,Richard Wilkins,william52@example.org,2021-04-14,example.org
250,David Fritz,xdaugherty@example.com,2022-11-20,example.com
251,Christina Miller,taylor50@example.net,2022-03-05,example.net
252,Richard Singleton,bjoseph@example.net,2021-02-11,example.net
253,Emily Boyer,harveymichael@example.org,2024-10-20,example.org
254,Grace Dunlap,connieyoung@example.net,2024-10-07,example.net
255,Roger Glover,ljenkins@example.net,2020-03-04,example.net
256,Victoria Simmons,justingarrett@example.com,2024-11-23,example.com
257,Autumn Drake,james43@example.com,2024-08-26,example.com
258,Laura Arias,adambrown@example.org,2020-12-31,example.org
259,Rebecca Pratt,scottrussell@example.com,2024-05-05,example.com
260,Antonio Martinez,abarber@example.net,2021-07-15,example.net
261,Marcus Munoz,perrymichael@example.org,2024-07-31,example.org
262,Kenneth Crawford,jjohnson@example.org,2021-01-26,example.org
263,Michael Brown,carlosgrant@example.net,2020-08-10,example.net
264,Jason Griffin,jonathan82@example.net,2024-03-08,example.net
265,Brittney Smith,holly57@example.com,2022-06-13,example.com
266,Colin Moore,amandajohnson@example.com,2021-11-24,example.com
267,Susan Leach,mary86@example.org,2023-10-06,example.org
268,Pamela Hunter,victor75@example.net,2021-05-02,example.net
269,Jessica Wood,wanda62@example.net,2020-02-03,example.net
270,Kyle Garcia,goodmaria@example.org,2020-06-10,example.org
271,Kristen Burton,april84@example.net,2024-06-06,example.net
272,Melissa Johnson,nwheeler@example.net,2022-09-06,example.net
273,Eric Burke,debra71@example.org,2023-04-15,example.org
274,Hector Contreras,jnewman@example.org,2020-07-31,example.org
275,Christy Oliver,karenedwards@example.org,2024-01-12,example.org
276,Marie Lewis,alicia92@example.org,2020-01-17,example.org
277,Micheal Thompson,sophiaevans@example.com,2020-07-28,example.com
278,Alejandra Walter,jwhitaker@example.com,2020-02-27,example.com
279,Thomas Hunt,smonroe@example.org,2020-09-18,example.org
280,Gregory Palmer,johndavis@example.net,2024-10-18,example.net
281,Adriana Wilson,mortonshelly@example.org,2021-05-11,example.org
282,Justin Nicholson,sanchezstephanie@example.org,2020-03-17,example.org
283,Paula Wang,emorse@example.com,2024-07-21,example.com
284,James Mcdaniel,gregory20@example.com,2021-09-16,example.com
285,Lisa Montes,ledwards@example.org,2020-04-06,example.org
286,Jeffery Murray,debbiegill@example.org,2024-02-18,example.org
287,Evan Coleman,thompsoneric@example.com,2021-01-18,example.com
288,Katherine Stout,djohnson@example.org,2022-06-29,example.org
289,Robert Evans,maryperez@example.net,2023-07-06,example.net
290,Ian Garcia,romerojoseph@example.com,2021-08-22,example.com
291,Sharon Campbell,derekprice@example.org,2024-04-11,example.org
292,Natalie White,douglas07@example.net,2020-12-31,example.net
293,Mary Joyce,austin90@example.org,2022-10-04,example.org
294,Gregory Reeves,jacksonrobert@example.net,2021-02-08,example.net
295,Kathleen Cox,hawkinscolleen@example.com,2022-06-10,example.com
296,Angel Arnold,owenkelsey@example.com,2024-10-30,example.com
297,Sierra Wagner,elizabeth36@example.com,2022-12-22,example.com
298,Kyle Sampson,ljuarez@example.net,2021-07-14,example.net
299,Courtney Davis,jessica53@example.org,2023-07-01,example.org
300,Stacy Stanley,pagedarryl@example.org,2024-09-06,example.org
301,Richard Reed,daviddavis@example.net,2023-02-06,example.net
302,Madeline Shah DVM,gail26@example.com,2021-07-27,example.com
303,Mr. Rodney Houston,cschroeder@example.com,2021-04-02,example.com
304,Donald Collier,anthony03@example.net,2020-04-06,example.net
305,Michelle Briggs,xjones@example.org,2022-10-16,example.org
306,Eric Perez,jonesshannon@example.com,2023-07-30,example.com
307,Derek Gonzalez,jaredclark@example.com,2022-05-08,example.com
308,Christopher Vasquez,harperthomas@example.net,2024-12-03,example.net
309,Laura Alvarez,wgarcia@example.org,2023-05-11,example.org
310,Mark Brown,ooneal@example.org,2024-03-25,example.org
311,Tara Sutton,ymiller@example.org,2024-03-16,example.org
312,Justin Sloan,curtisjones@example.net,2023-05-25,example.net
313,Erin Anderson,williamselizabeth@example.org,2023-01-25,example.org
314,Cameron Middleton,ortizmichael@example.com,2021-09-25,example.com
315,Howard Moreno,perkinskathy@example.org,2022-12-29,example.org
316,Travis Pena,sarahdavis@example.net,2020-04-20,example.net
317,Teresa Clark,carloswang@example.org,2021-04-24,example.org
318,Lindsay Smith,awheeler@example.com,2021-10-30,example.com
319,Paula Johnson,kempcheryl@example.org,2021-04-25,example.org
320,Monica Miller,guzmansteven@example.com,2021-09-03,example.com
321,Scott Wilson,hendrixgary@example.net,2022-12-26,example.net
322,Felicia Rodgers,larryorr@example.org,2021-07-30,example.org
323,Melissa Alexander,cwilliams@example.com,2022-12-15,example.com
324,Eric Klein,jordanstephanie@example.com,2021-10-20,example.com
325,Alicia Montgomery,gvargas@example.net,2024-05-02,example.net
326,William Marquez,gregory08@example.com,2022-06-24,example.com
327,Anthony Sanchez,vruiz@example.com,2021-06-10,example.com
328,Andrew Johnson,toconnor@example.org,2020-11-24,example.org
329,Michelle Ramirez,jordan18@example.com,2021-05-17,example.com
330,Mary Johnson,thanna@example.org,2021-12-01,example.org
331,Ryan Suarez,debbie72@example.com,2023-05-17,example.com
332,Brandon Hampton,uchristian@example.net,2024-06-28,example.net
333,Kimberly Martinez,jacksonamber@example.org,2024-07-25,example.org
334,Joanna Knapp,cindyvazquez@example.com,2023-04-26,example.com
335,Phillip Diaz,russelldonna@example.org,2024-04-25,example.org
336,Susan Newton,petersennathan@example.com,2022-04-09,example.com
337,Chad Richardson,jerry33@example.net,2021-02-22,example.net
338,Joseph Mendoza,ealvarez@example.net,2024-08-06,example.net
339,Joshua Simon,riveraadrian@example.net,2022-05-28,example.net
340,Sheri Mccullough,allison62@example.com,2020-01-11,example.com
341,Jordan Rodriguez,montesdana@example.net,2020-08-08,example.net
342,Jason Thomas,shawjose@example.com,2020-05-19,example.com
343,Jennifer Hancock,debrabrown@example.net,2024-09-19,example.net
344,Kevin Roberts,vparsons@example.org,2024-10-05,example.org
345,Angel Beard,josemejia@example.net,2023-04-30,example.net
346,Cory Bryant,mendozajessica@example.org,2020-08-22,example.org
347,Jeffrey Todd,scottmartinez@example.net,2023-04-28,example.net
348,Terry Johnson,crystal77@example.com,2022-06-07,example.com
349,Mr. Andrew Lewis,qsnyder@example.org,2022-03-10,example.org
350,Samantha Benjamin,delgadojason@example.com,2020-02-09,example.com
351,Timothy Sanchez,xmiller@example.com,2022-08-07,example.com
352,Robert Davis,slawrence@example.com,2023-03-31,example.com
353,Jennifer Miller,tamaraharris@example.com,2021-06-01,example.com
354,Carlos Combs,marisanguyen@example.com,2021-09-11,example.com
355,Bonnie Frank,uyoung@example.net,2023-02-18,example.net
356,Jennifer Sutton,ijones@example.net,2022-08-05,example.net
357,Cassandra Harris,heathervazquez@example.net,2021-01-17,example.net
358,Lisa Martin,staffordashley@example.org,2022-08-26,example.org
359,Kenneth Gomez,briancohen@example.com,2021-11-22,example.com
360,Mary Wagner,sara37@example.com,2023-07-22,example.com
361,Donald Wilkins,xwalker@example.com,2022-10-20,example.com
362,Jonathan Thompson,jacksonalexandria@example.com,2024-01-28,example.com
363,Victor Richardson,mark08@example.net,2024-02-12,example.net
364,Harold Bennett,snewton@example.net,2022-10-11,example.net
365,Megan Harper,jfuller@example.net,2023-03-09,example.net
366,Steven Nunez,hwilson@example.net,2021-01-24,example.net
367,Billy Rodriguez,colemanrobert@example.com,2020-09-19,example.com
368,Trevor Hernandez,stephenstewart@example.com,2020-10-02,example.com
369,Teresa Ryan,hayley30@example.org,2022-11-13,example.org
370,Kristine White,amyers@example.net,2021-06-14,example.net
371,James Green,richard27@example.org,2020-05-23,example.org
372,Keith Mcpherson,andersonjessica@example.org,2022-04-13,example.org
373,Jennifer Wheeler,ygomez@example.org,2023-03-09,example.org
374,Billy Wheeler,ymartin@example.com,2021-07-09,example.com
375,Daniel King,thomaswarren@example.org,2022-07-30,example.org
376,Anna Villa,susan27@example.org,2024-05-13,example.org
377,Mckenzie Sanders,gperez@example.net,2020-12-26,example.net
378,Samantha Williams,amber13@example.com,2020-11-10,example.com
379,Jodi Berry,ffoley@example.com,2022-11-20,example.com
380,Brett Gibbs,kevinspence@example.org,2024-07-13,example.org
381,Katherine Carlson,stevensonrobert@example.net,2020-05-17,example.net
382,Dawn Lowe,johnsimpson@example.org,2023-10-04,example.org
383,Eric Cole,xanderson@example.com,2020-04-04,example.com
384,Patricia Scott,qdudley@example.net,2024-10-05,example.net
385,Dr. William Johnson,johngallegos@example.net,2023-04-12,example.net
386,Ashley Rodriguez,hodgesmary@example.net,2021-07-04,example.net
387,Jared Brewer,gail89@example.net,2023-07-01,example.net
388,Claire Adams,elizabeth86@example.com,2020-01-01,example.com
389,Rhonda Blackwell,lacey76@example.com,2020-02-26,example.com
390,Tara Brown,denisehall@example.net,2021-06-27,example.net
391,Aaron Baker,ztaylor@example.org,2022-04-26,example.org
392,Laura Banks,skim@example.net,2022-01-27,example.net
393,Sarah Williamson,bairdjacqueline@example.net,2021-09-13,example.net
394,Nicholas White,rogersmichelle@example.org,2024-01-26,example.org
395,Jennifer Hill,shane04@example.net,2020-07-14,example.net
396,Julie Anderson,gcook@example.com,2022-11-23,example.com
397,Elizabeth Richard,ymcdonald@example.net,2021-05-30,example.net
398,Mark Thompson,jeffrey71@example.org,2023-04-29,example.org
399,Susan Kennedy,ele@example.com,2021-11-10,example.com
400,Autumn Cole,esimmons@example.com,2020-01-17,example.com
401,Maria Griffith,aaronhorn@example.com,2023-05-27,example.com
402,Monica Weeks,cherryeddie@example.org,2020-06-05,example.org
403,Katherine Anderson,ediaz@example.com,2022-05-22,example.com
404,Leonard Miller,rchapman@example.net,2021-10-09,example.net
405,Shelly Daniels,mjackson@example.org,2024-08-24,example.org
406,Brady Cameron,wesleyhays@example.com,2023-09-24,example.com
407,Michael Miller,rollinsscott@example.org,2023-09-08,example.org
408,Nicholas Pittman,kennedyregina@example.net,2022-03-23,example.net
409,Patrick Powell,robertthomas@example.org,2023-05-29,example.org
410,John Jackson,michealbell@example.net,2024-09-27,example.net
411,Christina Moore,andreahernandez@example.com,2020-12-11,example.com
412,Kevin Ingram,cainrhonda@example.net,2024-01-06,example.net
413,Michelle Smith,drew21@example.net,2022-06-23,example.net
414,Cory Long,lgonzalez@example.com,2022-03-17,example.com
415,Dawn Mason,marc80@example.com,2024-11-15,example.com
416,Darrell Cortez,qwalls@example.com,2020-11-08,example.com
417,Jacob Hall,meyersjorge@example.org,2020-02-09,example.org
418,Victor Howell,kelly43@example.net,2023-08-21,example.net
419,Jason Mcguire,craigkenneth@example.net,2024-05-11,example.net
420,Kenneth Harris,hendersonkatrina@example.org,2023-01-16,example.org
421,Jeff Liu,wthomas@example.org,2021-12-22,example.org
422,Adam Brown,sabrinashannon@example.com,2024-11-15,example.com
423,Ariana Walker,robinsonnathan@example.com,2022-02-14,example.com
424,Jorge Williams,kelsey87@example.net,2023-04-02,example.net
425,Robert Gray,dstephens@example.net,2021-10-05,example.net
426,Brenda Williamson,shelly54@example.net,2021-11-08,example.net
427,Rebecca Walsh,brandonluna@example.com,2024-05-21,example.com
428,Mr. Jared Martin,nicole71@example.org,2021-11-18,example.org
429,Gregory Pope,daniel95@example.com,2020-09-28,example.com
430,Kelli Duncan,marshallgregory@example.net,2023-02-07,example.net
431,Renee Evans,zmoyer@example.com,2024-02-05,example.com
432,Jeffrey Thomas,ryanwolfe@example.com,2022-03-27,example.com
433,Isaiah Moran,gmorales@example.org,2021-06-03,example.org
434,Charles Cohen,michael28@example.org,2023-06-16,example.org
435,Dwayne Herman,andrewmitchell@example.org,2023-12-03,example.org
436,Nicholas Schroeder,watkinsamanda@example.com,2020-01-05,example.com
437,Timothy Stephens,ryan44@example.com,2022-11-01,example.com
438,Rebecca Foster,haileymoore@example.org,2020-12-12,example.org
439,Jose Stark,davidwilson@example.net,2023-05-08,example.net
440,Carol Snyder,jeffrey23@example.org,2021-09-02,example.org
441,Kimberly Carr,fbruce@example.net,2024-10-25,example.net
442,Teresa Rios,gsilva@example.net,2022-07-09,example.net
443,Tara Lee,thompsonseth@example.com,2023-01-07,example.com
444,Aaron Kelly,meganadams@example.com,2022-04-21,example.com
445,Donna Henry,lellis@example.org,2024-04-06,example.org
446,Andrew Moreno,jeffreybender@example.com,2024-09-11,example.com
447,Victoria Duncan,alexandra91@example.com,2022-03-12,example.com
448,Mrs. Laura Patton,bcarter@example.com,2021-04-02,example.com
449,Gina Lewis,xleonard@example.org,2022-08-19,example.org
450,Brian Schroeder,egarner@example.net,2022-10-22,example.net
451,Patricia Adams,jennifer80@example.net,2020-11-08,example.net
452,Bryan Smith,landrydavid@example.com,2020-09-28,example.com
453,Mark Wolf DDS,timothy56@example.net,2021-04-24,example.net
454,Anna Molina,fernandocooper@example.net,2024-03-22,example.net
455,Ashley Alvarado,daniel70@example.com,2023-05-30,example.com
456,Daniel Jones,yhanna@example.net,2024-01-25,example.net
457,Jonathan Smith,maldonadoamber@example.net,2022-10-24,example.net
458,Keith Solis,mshaw@example.com,2021-08-31,example.com
459,Tanner Clements,jamesjackson@example.net,2023-08-20,example.net
460,Karen Harper,jasmine54@example.com,2024-06-13,example.com
461,Victoria Rivera,patriciavelez@example.net,2021-04-26,example.net
462,Mary Mcknight,richardhouse@example.com,2020-10-21,example.com
463,Brian Mccarthy,kellytamara@example.net,2023-05-14,example.net
464,Sean Reed,wtodd@example.org,2024-06-26,example.org
465,Christopher Christensen,lsanchez@example.org,2021-04-01,example.org
466,Cindy Parsons,gabriel44@example.com,2024-03-30,example.com
467,Brooke Moreno,brucejoyce@example.com,2023-03-02,example.com
468,Robert Alvarez,rrice@example.net,2021-08-17,example.net
469,Christopher Griffin,brandigriffin@example.net,2023-09-23,example.net
470,Amber Baldwin,gonzalezjessica@example.net,2021-09-18,example.net
471,James Clark,melaniewarner@example.com,2023-12-03,example.com
472,Pamela Chang,drewshelton@example.net,2024-09-09,example.net
473,Robert Kerr,cmyers@example.net,2023-01-23,example.net
474,Sharon Neal,jenniferbaker@example.net,2021-05-01,example.net
475,Ashley Taylor,carterjesus@example.com,2020-08-19,example.com
476,Michael Riley,lindsay24@example.net,2024-03-20,example.net
477,Willie Velasquez,thompsonolivia@example.org,2022-10-08,example.org
478,Heather Smith,melissa55@example.net,2024-01-25,example.net
479,Cory Thompson,sandragonzalez@example.org,2022-09-03,example.org
480,Michael Jimenez,kevin92@example.net,2022-03-14,example.net
481,Valerie Morrison,wigginsgabrielle@example.com,2021-09-14,example.com
482,Marc Walter,adamskatherine@example.org,2024-03-11,example.org
483,Edwin Parker,ymurphy@example.org,2023-01-16,example.org
484,Tiffany Wilson,evansjason@example.com,2024-07-30,example.com
485,Frank Jimenez,michellebennett@example.com,2020-04-03,example.com
486,Lisa Key,mooregregory@example.com,2024-10-03,example.com
487,Shaun Leonard,robertsonbecky@example.com,2024-01-26,example.com
488,Debbie Patterson,owensrobert@example.net,2022-06-11,example.net
489,Valerie Gonzales,loributler@example.net,2023-07-18,example.net
490,Melissa Hill,sarasullivan@example.org,2021-03-02,example.org
491,Billy Johnson,robert88@example.org,2023-07-05,example.org
492,Christopher King,nicholas84@example.org,2022-10-29,example.org
493,John Bowen,lynnrosales@example.net,2020-03-21,example.net
494,Richard Morris,annette34@example.com,2022-01-09,example.com
495,Wesley Ortiz,owillis@example.net,2024-08-29,example.net
496,Russell Mcclain,connie02@example.org,2024-07-26,example.org
497,Monica Hendrix,reidsarah@example.com,2024-07-25,example.com
498,Monica Terrell,tlong@example.org,2024-11-14,example.org
499,Gary Logan,michaelanderson@example.net,2021-08-14,example.net
500,William Woods,torresgregory@example.com,2024-03-31,example.com
501,Julian Kennedy,jose07@example.org,2020-05-10,example.org
502,Omar Rhodes,shawnfarmer@example.com,2020-08-14,example.com
503,Mary Graham,whiteroger@example.org,2021-06-27,example.org
504,Mark Singh,matthew24@example.net,2024-07-19,example.net
505,Brian Jacobs,vswanson@example.com,2020-11-24,example.com
506,Erica Chen,wilsontiffany@example.org,2022-04-24,example.org
507,Jordan Kaufman,crussell@example.org,2024-11-20,example.org
508,Joseph Aguilar,bakertraci@example.net,2022-06-01,example.net
509,Amanda Johnson,brandigalvan@example.org,2023-06-08,example.org
510,Michael Price,stevengiles@example.com,2024-10-07,example.com
511,Seth White,ramosteresa@example.net,2023-08-28,example.net
512,John Bass,martinezkevin@example.com,2023-12-01,example.com
513,Bonnie Shelton,joshua63@example.net,2022-10-22,example.net
514,Mary Flores DVM,bassjohn@example.com,2021-03-24,example.com
515,Samantha Foster,juan20@example.org,2021-07-18,example.org
516,John Adams,olee@example.com,2022-03-02,example.com
517,Virginia Lawson,sritter@example.com,2023-06-18,example.com
518,Jamie Morales,jameschavez@example.com,2022-05-11,example.com
519,Johnny Hudson,ygonzalez@example.com,2020-09-30,example.com
520,Sara Downs,mark94@example.net,2022-06-19,example.net
521,Mrs. Emily Pearson,tjohnson@example.net,2022-06-27,example.net
522,Michael Melton,melaniesmith@example.com,2021-05-19,example.com
523,William Bowman,willisbilly@example.org,2023-02-08,example.org
524,Kim Stout,ujennings@example.net,2024-02-18,example.net
525,Monica Mcgrath,qchristensen@example.org,2020-12-07,example.org
526,Jonathan Fox,rodney05@example.com,2020-06-18,example.com
527,Shane Lee,kimberly02@example.net,2022-08-03,example.net
528,Robert Mitchell,randallrobinson@example.org,2020-03-20,example.org
529,Kimberly Williams,rtorres@example.com,2024-05-19,example.com
530,Angela Young,andrea03@example.com,2024-02-13,example.com
531,Kelly Reyes,jill25@example.org,2021-09-08,example.org
532,Kristen Miller,samanthamason@example.com,2024-09-11,example.com
533,Eric Greene,jgamble@example.org,2022-10-10,example.org
534,Becky Williams,kristinabates@example.net,2022-09-24,example.net
535,Kerry Richards,tiffany44@example.org,2023-09-02,example.org
536,Isaiah Stewart,holmeswilliam@example.net,2020-04-04,example.net
537,Rebecca Ramos,bmata@example.net,2023-05-16,example.net
538,Jason Harris,sandra76@example.net,2020-07-18,example.net
539,David Johnson,alexandriabarron@example.org,2024-02-04,example.org
540,Bryce Smith,reedmarc@example.org,2024-05-23,example.org
541,Zachary Hinton,rnorris@example.net,2022-04-11,example.net
542,Joseph Murray,gibsonwilliam@example.net,2021-09-18,example.net
543,Brian Powell,yangjacqueline@example.org,2020-01-05,example.org
544,Jesse Jones,lori57@example.com,2024-03-28,example.com
545,Alexander Henderson,debra64@example.net,2022-02-09,example.net
546,Jeremy Dalton,robertasummers@example.org,2021-07-13,example.org
547,Krista Ramirez,gonzalezkristopher@example.net,2022-08-05,example.net
548,Eric Velasquez,flowersnorma@example.org,2023-04-07,example.org
549,Eric Keith,darryllewis@example.org,2024-07-04,example.org
550,John Drake,pamela23@example.net,2020-08-16,example.net
551,Amanda Martin,jenkinsrebecca@example.com,2021-02-13,example.com
552,Robert Garcia,underwoodjessica@example.com,2020-12-07,example.com
553,Erin Shepard,charlespeterson@example.net,2023-11-13,example.net
554,Veronica Quinn,amanda52@example.com,2022-08-13,example.com
555,Gregory Wood,thomas11@example.net,2024-02-02,example.net
556,Wesley Alvarado,carpentermatthew@example.org,2023-12-22,example.org
557,Jason Anderson,nguyensara@example.net,2024-08-03,example.net
558,Raymond Foster,parrishmatthew@example.com,2021-04-07,example.com
559,Lauren Harris,yneal@example.org,2021-11-11,example.org
560,Danielle Kent,kevin57@example.com,2020-08-19,example.com
561,Francisco Nichols,bryanjones@example.org,2024-10-09,example.org
562,Sarah Smith,justin13@example.org,2020-03-07,example.org
563,Melanie Larson,ambermcintyre@example.net,2021-05-15,example.net
564,Jeff Roberts,ronaldlong@example.com,2020-11-04,example.com
565,Scott Williams,scottsarah@example.com,2020-06-14,example.com
566,Mr. Scott Chen,david18@example.org,2024-08-13,example.org
567,Jason Ware PhD,montgomeryrandy@example.org,2020-11-12,example.org
568,Hayley Ramirez,floydgregory@example.org,2023-05-27,example.org
569,Joshua Hamilton,victoria21@example.net,2020-11-15,example.net
570,Ashley Jordan,cmahoney@example.com,2022-02-10,example.com
571,Sean Calderon,youngwayne@example.com,2024-09-01,example.com
572,Jo Smith,lisaballard@example.org,2021-08-20,example.org
573,Paula Watson,taylorbrent@example.net,2024-12-03,example.net
574,Jason Wright,cfrancis@example.net,2022-09-23,example.net
575,Wayne Taylor,davisjohn@example.org,2022-09-06,example.org
576,Kelly Fernandez,tristanhernandez@example.com,2024-12-11,example.com
577,Ronald White,mendezsuzanne@example.net,2021-11-30,example.net
578,Lindsay Montgomery,rhodesmary@example.org,2023-08-08,example.org
579,James Johnson,kellysamuel@example.net,2020-09-21,example.net
580,Terri Spencer,wilsongabriella@example.org,2022-10-09,example.org
581,Mariah Johnson,elainebaker@example.com,2021-12-11,example.com
582,Miss Cindy Murphy,yramirez@example.com,2022-09-29,example.com
583,Jonathon Middleton,rodriguezjoseph@example.net,2024-09-22,example.net
584,Marcus Campbell,colesusan@example.com,2023-10-25,example.com
585,Sarah Miles,melissahiggins@example.net,2024-02-01,example.net
586,Rachel Luna,mary98@example.com,2023-09-08,example.com
587,Alison Duran,sandra69@example.com,2020-02-27,example.com
588,Scott Cervantes,wsmith@example.net,2023-12-23,example.net
589,Jeffrey Robertson,xwelch@example.com,2023-10-23,example.com
590,Mr. Ryan Martinez DDS,lori91@example.net,2024-05-28,example.net
591,Anna Carson,telliott@example.org,2023-11-15,example.org
592,Jay Chan,rgardner@example.net,2022-07-16,example.net
593,Eddie Johnston,charles27@example.org,2024-03-27,example.org
594,Tina Morris,juan48@example.net,2024-12-06,example.net
595,David Bryant,ihammond@example.net,2023-08-28,example.net
596,Leslie Nguyen,brittanywhite@example.net,2022-07-24,example.net
597,Melissa Thomas,sheryl58@example.net,2022-10-24,example.net
598,Joseph Johnson,nicholas00@example.net,2020-04-19,example.net
599,Wendy Rollins PhD,xpatterson@example.net,2023-10-27,example.net
600,Samuel Anderson,margaretgeorge@example.com,2024-02-09,example.com
601,Melanie Costa,paulkrueger@example.com,2022-01-01,example.com
602,Richard Decker,alisonlopez@example.net,2023-02-07,example.net
603,Dennis Garcia,jody97@example.com,2022-03-14,example.com
604,Benjamin Barnett,danny92@example.net,2020-03-01,example.net
605,Robert Smith,patricia91@example.org,2024-07-25,example.org
606,Katrina Dominguez,hconley@example.net,2023-11-03,example.net
607,Sharon Porter,john47@example.org,2020-02-23,example.org
608,Michael Smith,dawn90@example.com,2020-09-21,example.com
609,Jordan Brown,jeffreyferguson@example.org,2024-11-15,example.org
610,Dennis Chen,hensleykyle@example.org,2024-07-10,example.org
611,Jamie Schwartz,johnwong@example.com,2023-11-06,example.com
612,Victor Green,sandramills@example.org,2024-07-20,example.org
613,Crystal Riley,nthomas@example.org,2021-09-07,example.org
614,Joshua Carson,warrenjoshua@example.net,2021-07-27,example.net
615,Randy Brown,zwalsh@example.net,2023-11-13,example.net
616,Michael Daniels,gibbswilliam@example.com,2024-03-31,example.com
617,Matthew Guzman,fostermary@example.com,2020-12-17,example.com
618,Johnny Martinez,johnsonnicholas@example.com,2024-09-08,example.com
619,Elizabeth Roberts,chadcain@example.net,2020-08-21,example.net
620,Jessica Lopez,tamaralynn@example.net,2022-09-27,example.net
621,Nancy Alexander,robert08@example.org,2023-05-24,example.org
622,Brian Moore,geoffreymoreno@example.org,2021-06-03,example.org
623,Claudia Lewis,shannon97@example.net,2024-03-19,example.net
624,Jennifer Gomez,rachelparker@example.com,2021-11-03,example.com
625,Lisa Jones,chungrobin@example.net,2021-07-19,example.net
626,Heather Chen,erikavincent@example.net,2024-05-21,example.net
627,Dr. Justin Banks,brucecynthia@example.org,2020-12-04,example.org
628,Teresa Bond,nathanielclark@example.com,2020-11-16,example.com
629,Travis Jackson,rowebeverly@example.com,2023-03-14,example.com
630,Alyssa Harrington,richardsfaith@example.net,2020-10-15,example.net
631,Steven Moses,jeannetorres@example.com,2023-02-20,example.com
632,Melanie Odom,oryan@example.net,2021-02-28,example.net
633,Courtney Gibson,xpatton@example.org,2022-05-25,example.org
634,Melissa Gilbert,kathrynsmith@example.net,2023-11-07,example.net
635,Madeline Wilcox,mollymatthews@example.com,2020-12-03,example.com
636,Deanna Tucker,catherinenorris@example.org,2024-12-05,example.org
637,Amanda Pace,lmeza@example.net,2021-12-22,example.net
638,Joyce Burnett,slove@example.com,2020-05-13,example.com
639,Donald Fitzgerald,millerkyle@example.net,2020-03-15,example.net
640,Kristi Elliott,christinafernandez@example.com,2020-03-06,example.com
641,Toni Woods,kshort@example.org,2023-03-01,example.org
642,Felicia Smith,christinacooper@example.com,2022-05-03,example.com
643,John Peters,omckee@example.com,2023-06-04,example.com
644,Shannon Braun,torreselijah@example.net,2021-06-03,example.net
645,Kelly Grant,catherinepena@example.org,2021-07-11,example.org
646,Jose Harrison,amandabutler@example.org,2022-07-20,example.org
647,Alejandro Allen,jmosley@example.net,2020-06-16,example.net
648,Joanna Merritt,millertracy@example.net,2020-02-09,example.net
649,Angel Stuart,melissaevans@example.com,2022-05-22,example.com
650,Jane Vaughn,riosaaron@example.com,2021-09-29,example.com
651,Robert Wilson,davidrivera@example.com,2020-10-27,example.com
652,John Brown,pittstodd@example.net,2021-08-21,example.net
653,Amanda Barker,harrisonmary@example.org,2021-04-09,example.org
654,Randall Bonilla,hayesbernard@example.net,2021-09-17,example.net
655,Jaclyn Holland,mosslogan@example.org,2020-11-08,example.org
656,Mrs. Taylor Sanders,sullivankathryn@example.org,2022-01-20,example.org
657,John Chapman,ztucker@example.net,2023-01-17,example.net
658,Ryan Moreno,mark70@example.com,2022-10-09,example.com
659,Charles Love,robertgonzalez@example.net,2022-01-01,example.net
660,Ms. Rachel Jones,frojas@example.com,2021-01-05,example.com
661,David Johnson,charles62@example.org,2020-02-10,example.org
662,Daniel Taylor,gregorykramer@example.org,2024-09-28,example.org
663,Richard Williams,xconway@example.org,2022-12-28,example.org
664,Diana Villarreal,smithjoseph@example.org,2022-04-11,example.org
665,Mary Owens,pgarcia@example.com,2023-11-06,example.com
666,Travis Riley,danielcarlson@example.org,2024-06-06,example.org
667,Adam Dunlap,ecruz@example.org,2021-01-04,example.org
668,Brian Bailey,sandra66@example.net,2021-11-06,example.net
669,Tracy Roth,jakejohnson@example.org,2020-02-08,example.org
670,Nicholas Wood,hurleyrichard@example.com,2022-02-04,example.com
671,Jacob Bautista,shawn85@example.com,2024-07-07,example.com
672,Sheri Freeman,catherine99@example.org,2022-07-20,example.org
673,Brandon Davenport,michelle50@example.com,2022-12-09,example.com
674,Jamie Hinton,vbowers@example.org,2022-04-11,example.org
675,Kathryn Hutchinson,barbermegan@example.net,2021-05-28,example.net
676,David Harper,anthony99@example.org,2024-06-02,example.org
677,Justin Salas,campbelllinda@example.com,2024-06-10,example.com
678,Thomas Wright,nelliott@example.net,2020-04-06,example.net
679,Dr. Sandra Hayes PhD,calvinwalker@example.org,2023-10-07,example.org
680,Nicolas Cortez,patrick12@example.net,2020-01-11,example.net
681,Ivan Smith,guzmankatherine@example.com,2020-02-22,example.com
682,Joseph Anderson,iruiz@example.net,2024-12-01,example.net
683,Ronald Garcia,marisa04@example.org,2021-07-22,example.org
684,Charles James,hamptonbrianna@example.com,2022-07-05,example.com
685,Zachary King,mjohnston@example.com,2023-08-22,example.com
686,Bradley Brown,madisonlowe@example.net,2024-05-11,example.net
687,Gerald Robinson,martinmichelle@example.com,2020-06-24,example.com
688,Ronald Stevens,rebecca97@example.net,2020-01-28,example.net
689,Erik Nelson,ylewis@example.com,2024-06-05,example.com
690,Kathleen Carter,jasmin05@example.net,2024-12-04,example.net
691,Erika Lucas,ucollier@example.org,2020-08-11,example.org
692,Jeffrey Bennett,davisphyllis@example.org,2020-08-09,example.org
693,Amber Moran,madisonjacobs@example.com,2021-03-06,example.com
694,Elizabeth Nicholson,gmiller@example.net,2021-01-26,example.net
695,Frank Gardner,aaronrobinson@example.net,2024-07-28,example.net
696,David Rice,timothyschmidt@example.org,2021-03-01,example.org
697,Christopher Solomon,manuel41@example.net,2021-08-29,example.net
698,Brandy Calderon,brianthompson@example.org,2022-03-27,example.org
699,Terry Adams,judycontreras@example.org,2020-01-07,example.org
700,Teresa Mendoza,herbertlane@example.net,2021-06-03,example.net
701,Casey Chen,geraldlee@example.net,2023-06-05,example.net
702,Jocelyn Johnson,sserrano@example.org,2020-12-04,example.org
703,Jacob Donovan,burnssandra@example.net,2024-05-06,example.net
704,James Smith,tbowers@example.org,2022-11-30,example.org
705,Jessica Sawyer,john77@example.org,2021-11-06,example.org
706,Nicholas Bell,davidvargas@example.net,2020-05-09,example.net
707,Pamela Wong,christina95@example.net,2020-03-17,example.net
708,Cody Shaw,xblake@example.net,2023-04-15,example.net
709,Brandon Thomas,todd22@example.com,2024-03-02,example.com
710,Thomas Meyer,johnsonjulia@example.net,2024-08-27,example.net
711,Angela Wheeler,kelly68@example.com,2023-10-01,example.com
712,Tracey Williams,jmartinez@example.com,2024-02-23,example.com
713,Tina Ward,juancook@example.net,2020-02-02,example.net
714,Matthew Pugh,tterry@example.com,2020-04-11,example.com
715,Ryan Krause,melissamendoza@example.org,2023-07-15,example.org
716,Mark Nelson,laura22@example.com,2023-12-05,example.com
717,Danielle Mullen,xreynolds@example.net,2021-08-13,example.net
718,Barbara Yoder,sheri96@example.net,2021-09-20,example.net
719,Kimberly Dickerson,benjaminware@example.net,2020-09-30,example.net
720,Catherine Meyer,christopherjohnson@example.net,2024-02-23,example.net
721,Jacob Pacheco,brandycurtis@example.org,2023-11-17,example.org
722,Robert Stewart,oflores@example.net,2024-10-06,example.net
723,Donna Weaver,reidronnie@example.com,2022-09-16,example.com
724,Donald Jones,richard54@example.org,2021-03-29,example.org
725,Michael Gonzalez,phillipsnyder@example.com,2020-11-03,example.com
726,Miss Susan Davidson,dawnbennett@example.org,2022-09-26,example.org
727,Jennifer Weiss,brownchristine@example.net,2024-09-06,example.net
728,Juan Robinson,randyellison@example.com,2020-01-14,example.com
729,Tara Smith,shawlori@example.org,2020-04-26,example.org
730,Christine Whitney,luiswarren@example.com,2020-08-14,example.com
731,Tracy White,rscott@example.com,2021-02-10,example.com
732,Roberto Woodward,kendrasmith@example.com,2020-10-01,example.com
733,Janet Farrell,codywalker@example.com,2023-11-18,example.com
734,Amy Martinez,halladrian@example.org,2021-10-02,example.org
735,Lori Burton,tiffanychan@example.org,2023-01-29,example.org
736,Jeffrey Booth,garciabrandy@example.org,2020-06-28,example.org
737,James Hamilton,qwilliams@example.org,2021-04-26,example.org
738,Andrea Osborne,nicolechurch@example.com,2020-08-30,example.com
739,Matthew Harris,olsonsteven@example.net,2024-01-05,example.net
740,Brian Lewis,oshaffer@example.com,2024-06-06,example.com
741,Meghan Jensen,tara17@example.org,2023-05-29,example.org
742,Scott Smith,williamhodge@example.net,2024-08-28,example.net
743,Jason Harris,ryanholmes@example.com,2024-07-23,example.com
744,Emily Dixon,joseph59@example.org,2021-01-12,example.org
745,Elizabeth Gray,marcus83@example.org,2024-06-18,example.org
746,Veronica Wise,qparsons@example.com,2022-10-13,example.com
747,Alexander Watson,mendezdouglas@example.org,2021-06-03,example.org
748,Joseph Calderon,howellmicheal@example.com,2023-01-05,example.com
749,Luke Reeves,zwells@example.com,2024-09-06,example.com
750,William Castillo,cohensteven@example.net,2022-09-01,example.net
751,Kenneth Smith,matthewwarren@example.org,2023-04-27,example.org
752,Dale Gregory,whitekelly@example.org,2024-09-27,example.org
753,Eric Martin,gtaylor@example.net,2024-11-03,example.net
754,Justin Riley,davidbrown@example.net,2021-07-05,example.net
755,Kimberly Guerrero,hhernandez@example.org,2023-04-03,example.org
756,Timothy Payne,george10@example.com,2024-09-04,example.com
757,Timothy Bryant,figueroajoseph@example.org,2024-02-03,example.org
758,Michael Thomas,lindseybrandon@example.org,2020-07-30,example.org
759,Tracy Nguyen,johnsonmary@example.com,2021-02-23,example.com
760,Jeremy Williams,dustinmartin@example.org,2021-04-07,example.org
761,Sandra Barnett,qjones@example.com,2020-04-14,example.com
762,Gloria Reed,brandon18@example.org,2021-03-28,example.org
763,David Hubbard,jodigarcia@example.com,2021-10-07,example.com
764,Greg Potts,porterstephanie@example.com,2020-07-17,example.com
765,Dennis Johnson,janicewilson@example.org,2024-10-07,example.org
766,Patricia Sanchez,mbird@example.org,2023-02-22,example.org
767,Jessica Gill,lewisgeorge@example.com,2021-05-28,example.com
768,Vickie Arnold,russell04@example.com,2023-09-09,example.com
769,Sean Ramos,guzmanrandy@example.net,2022-11-22,example.net
770,Peter Harris,boltonbrandon@example.org,2020-02-02,example.org
771,Barry Flynn,lpatel@example.org,2022-07-18,example.org
772,Christopher Thompson,swallace@example.org,2024-09-23,example.org
773,Carolyn Taylor,uvazquez@example.net,2021-01-09,example.net
774,Kimberly Fisher,wbean@example.org,2022-11-17,example.org
775,Christine Baker,emitchell@example.com,2020-05-11,example.com
776,Holly Willis,karen82@example.net,2020-07-27,example.net
777,Melissa Tran,harriskimberly@example.com,2020-05-02,example.com
778,Samuel Butler,sandrawhite@example.org,2020-05-02,example.org
779,Daniel Sanders,fchen@example.org,2024-05-18,example.org
780,Melinda Collins,christopher22@example.net,2022-12-14,example.net
781,Tyler Meadows,sberg@example.net,2021-09-07,example.net
782,Jennifer Chan,aross@example.com,2023-07-29,example.com
783,Kayla Schmidt,cameron23@example.com,2021-11-15,example.com
784,Christine Riley,adam23@example.net,2020-07-06,example.net
785,Scott Long,danielsmith@example.net,2021-06-07,example.net
786,Marcus Nelson DVM,dlewis@example.net,2022-06-26,example.net
787,Richard White,byrdmikayla@example.com,2020-12-22,example.com
788,Deborah Andrews,parksevelyn@example.org,2023-12-28,example.org
789,Kyle Gibson,sbishop@example.org,2022-08-31,example.org
790,Michael Price,tinaosborne@example.net,2024-01-10,example.net
791,Bryan Coleman,espinozaalexander@example.com,2021-08-06,example.com
792,Annette Stephens,jadejimenez@example.com,2021-10-27,example.com
793,Becky Miller,ostanley@example.org,2024-07-14,example.org
794,Brenda Short,gabriellewheeler@example.net,2023-07-09,example.net
795,Russell Nelson,karenwilliams@example.com,2020-12-11,example.com
796,Jeffrey Miles,alexanderbailey@example.org,2023-10-30,example.org
797,Jeremy Jones,thomasweber@example.net,2022-04-29,example.net
798,Angela Gonzalez,yalexander@example.net,2020-05-24,example.net
799,Alyssa Williams,buchanannancy@example.net,2023-03-16,example.net
800,Russell Berry,edean@example.com,2024-07-01,example.com
801,Ronald Marks,ojohnson@example.com,2021-02-16,example.com
802,Andrew Rodriguez,brianchristian@example.net,2024-09-13,example.net
803,Laura West,alexandra02@example.com,2024-03-15,example.com
804,Mary Hall,alewis@example.net,2024-05-31,example.net
805,Michael Young,isaiahduncan@example.net,2021-07-17,example.net
806,Omar Duncan,belldavid@example.org,2020-04-22,example.org
807,David Williams,ashley00@example.net,2020-06-27,example.net
808,Richard Griffith,ehart@example.org,2021-06-30,example.org
809,Monique Burke DDS,huynhkenneth@example.org,2021-02-01,example.org
810,Michael Thomas,wlee@example.com,2020-08-25,example.com
811,Sharon Chambers,hguerrero@example.org,2023-10-17,example.org
812,Brad Carrillo,robertoliver@example.com,2023-12-17,example.com
813,Chelsea Fowler,ostewart@example.net,2024-03-16,example.net
814,Monica Salazar,shannon44@example.net,2023-10-29,example.net
815,Joseph York,robert92@example.com,2020-09-21,example.com
816,Erin Fox,susantucker@example.net,2020-05-15,example.net
817,Michael Marshall,patrickamanda@example.org,2024-06-14,example.org
818,Adriana Terry,mbates@example.net,2020-12-28,example.net
819,Elizabeth Wagner,heathersantana@example.com,2024-01-29,example.com
820,Douglas Lawson,johnsonlauren@example.org,2024-04-10,example.org
821,Gary Stevenson,christensenjames@example.net,2021-06-21,example.net
822,Kim Newman,samantha67@example.org,2024-03-22,example.org
823,Jason Howard,hicksmichael@example.net,2023-12-26,example.net
824,Kimberly Johnson,ffuentes@example.com,2022-06-29,example.com
825,Daniel Santiago,kpeters@example.org,2024-03-11,example.org
826,Timothy Oneal Jr.,quinnmark@example.com,2020-09-10,example.com
827,Eric Wilson,michaelaustin@example.net,2022-09-21,example.net
828,Zachary Johns,mmiller@example.net,2022-03-20,example.net
829,Daniel Collins,sonia57@example.com,2024-07-24,example.com
830,Lauren Morris,justinkeller@example.com,2023-02-25,example.com
831,Ryan Thomas,yvonne12@example.net,2024-03-07,example.net
832,Veronica Klein,vjones@example.org,2020-10-03,example.org
833,Luis Reyes,joshuachristensen@example.org,2024-06-12,example.org
834,Martha Fisher,hayleysmith@example.com,2022-10-11,example.com
835,Kimberly Burns,paulingram@example.net,2023-08-20,example.net
836,Justin Perez,xmathis@example.net,2021-10-15,example.net
837,Warren Jacobs,rosemolly@example.net,2024-03-12,example.net
838,Barbara Salazar,winterswendy@example.com,2022-12-10,example.com
839,William Hayes,gregorycox@example.com,2023-08-28,example.com
840,Laura Joseph,mercedesjohnson@example.org,2021-09-24,example.org
841,Michael Knight,rleonard@example.com,2021-02-17,example.com
842,Justin Juarez,beckholly@example.net,2021-07-04,example.net
843,Julia Bell,ali@example.net,2023-08-07,example.net
844,Jackie Ortiz,millerjennifer@example.com,2023-04-24,example.com
845,Scott Cole,gking@example.com,2021-02-20,example.com
846,Amanda Buchanan,nicholasmurray@example.net,2021-12-24,example.net
847,Tina Palmer,marcsoto@example.org,2024-10-09,example.org
848,Tiffany Brown,stevenatkins@example.net,2023-05-04,example.net
849,Bryan Davis,lryan@example.org,2021-06-23,example.org
850,Jessica Bowman,sleach@example.org,2024-01-29,example.org
851,Jennifer Schneider,williampena@example.org,2021-10-31,example.org
852,Sandra Hunt,moniquejones@example.com,2020-08-18,example.com
853,Bryan Rodriguez,nmiller@example.org,2020-12-10,example.org
854,Michael Conley,scalhoun@example.net,2022-05-17,example.net
855,Brian Phillips,marylam@example.com,2021-05-07,example.com
856,Lisa Carter,joyce31@example.org,2020-07-14,example.org
857,Steven Lee,narias@example.com,2021-03-20,example.com
858,Erica Montgomery,shannonlarry@example.net,2024-05-17,example.net
859,Peggy Pena,emily84@example.com,2021-05-05,example.com
860,James Brown,guerramelinda@example.org,2023-10-12,example.org
861,Daniel Harris,gcrane@example.net,2024-01-22,example.net
862,Kimberly Jefferson,moralesrobert@example.org,2023-04-27,example.org
863,Robert Collins,rhondathomas@example.org,2023-10-14,example.org
864,Gary Hernandez,nlewis@example.com,2021-08-16,example.com
865,Mary Scott,david75@example.net,2022-11-08,example.net
866,Bruce Oliver,alison45@example.net,2022-03-10,example.net
867,Jeffrey Myers,ujohnson@example.com,2024-07-26,example.com
868,Larry Taylor,stewartwilliam@example.net,2021-07-14,example.net
869,Misty Marshall,wdavis@example.net,2024-04-20,example.net
870,Kim Gibson,jessicaherrera@example.org,2022-02-07,example.org
871,Nicole Vincent,djones@example.net,2024-10-17,example.net
872,Angela Watson,christopher89@example.org,2023-08-16,example.org
873,Rachel Nguyen,james99@example.com,2020-09-24,example.com
874,Monica Bennett,maria77@example.com,2022-08-10,example.com
875,Wayne Hess,isolomon@example.net,2021-04-26,example.net
876,Debra Duncan,bruce42@example.org,2021-01-02,example.org
877,Ashley Henry,perryandrew@example.com,2020-12-04,example.com
878,Curtis Smith,kimberlysimpson@example.com,2023-06-11,example.com
879,Virginia Wong,gramirez@example.com,2022-03-06,example.com
880,Stephanie Salas,lisa97@example.org,2021-08-11,example.org
881,Jeffery Castro,kristen03@example.net,2024-08-28,example.net
882,Nathan Mccullough,karina24@example.com,2022-10-18,example.com
883,Jeffrey Smith,icunningham@example.net,2024-06-09,example.net
884,Rhonda Scott,denniswilliams@example.com,2024-06-03,example.com
885,Cheryl Alexander,stonemaria@example.org,2023-10-11,example.org
886,Destiny Moore,ochoaronald@example.net,2024-10-04,example.net
887,Ronald Everett,beasleyjames@example.org,2024-07-09,example.org
888,Tammie Levy,jennifer10@example.net,2023-08-29,example.net
889,Kathryn Burnett,leechristine@example.org,2022-05-29,example.org
890,William Thompson,aschmitt@example.com,2022-01-03,example.com
891,Adam Hughes,ihess@example.net,2023-08-30,example.net
892,Alejandro Hernandez,rebecca16@example.org,2024-03-28,example.org
893,Steven Cortez,chad24@example.net,2022-01-02,example.net
894,Donald Sanchez,andrew63@example.org,2024-04-14,example.org
895,Steven Terry,rachelshea@example.org,2022-03-09,example.org
896,Arthur Watts,bentleyjackie@example.org,2021-08-03,example.org
897,Leonard Thomas,sarahgreene@example.net,2022-12-27,example.net
898,Tony Acevedo,noah34@example.org,2023-10-22,example.org
899,Bryan Stewart,trevor59@example.org,2024-09-21,example.org
900,Steve Mclean,xroberson@example.org,2022-12-20,example.org
901,Kimberly Castillo,jacksontony@example.org,2021-02-13,example.org
902,Anthony Whitney,jennifer24@example.com,2020-07-07,example.com
903,Carla Byrd,brooke18@example.net,2020-02-11,example.net
904,Michael Lee,angela41@example.org,2023-09-03,example.org
905,Benjamin Roberts,benjaminjennifer@example.net,2024-07-04,example.net
906,David Walton,david43@example.net,2020-04-23,example.net
907,Dr. Kristy Lopez DVM,obrienkayla@example.com,2024-10-07,example.com
908,Steven Miller,thomas36@example.com,2020-10-10,example.com
909,Brent Wagner,jonathan76@example.com,2023-05-27,example.com
910,Brian Lambert,gabrielle04@example.org,2021-10-28,example.org
911,Jessica Caldwell,brandonjones@example.net,2024-10-04,example.net
912,Brenda Harvey,ethanmurphy@example.com,2020-09-03,example.com
913,Juan Murphy,glen73@example.org,2021-12-05,example.org
914,Jamie Jimenez,vramos@example.net,2021-10-02,example.net
915,Tonya Carlson,elizabethwallace@example.net,2022-02-21,example.net
916,Justin Collins,scabrera@example.org,2023-03-06,example.org
917,Ellen Williams,stephanie63@example.org,2023-08-27,example.org
918,Christina Li,nflores@example.net,2024-08-05,example.net
919,Thomas Cook,walkermichael@example.net,2024-08-24,example.net
920,Robert Roach,rrios@example.org,2024-07-23,example.org
921,Stephen Pennington,ryan03@example.com,2021-04-14,example.com
922,Wendy Richardson,andersonjeffrey@example.com,2022-09-04,example.com
923,Jose Mendez,tanyaferguson@example.org,2020-04-25,example.org
924,Raymond Burgess,jamiemitchell@example.net,2021-08-30,example.net
925,Joe Hall,michaelberry@example.com,2023-05-13,example.com
926,Mr. William Gilbert,vanessa61@example.com,2024-09-03,example.com
927,Neil Walker,fmontes@example.net,2024-02-28,example.net
928,Christopher Jones,prichardson@example.org,2022-04-18,example.org
929,Rebekah Mason,nancy14@example.net,2022-11-04,example.net
930,Christina Miller,trevor31@example.org,2024-07-17,example.org
931,Wendy Smith,xshannon@example.net,2024-02-19,example.net
932,Tamara Gray,willierandolph@example.org,2021-04-23,example.org
933,Jessica Giles,matthewskarl@example.net,2020-07-08,example.net
934,Deanna King,riddlemichael@example.org,2020-12-06,example.org
935,Susan Lucas,scottjoseph@example.net,2021-01-30,example.net
936,Amanda Mcdonald,dgarcia@example.org,2020-03-27,example.org
937,April Kline,patricia83@example.net,2023-01-04,example.net
938,Brittany White,santanajimmy@example.org,2020-11-14,example.org
939,Beth Rosales,qrichardson@example.com,2021-12-20,example.com
940,Scott Parrish,albertanderson@example.net,2024-11-29,example.net
941,David Hill,jbaker@example.org,2024-08-14,example.org
942,Thomas Moreno,zmunoz@example.org,2022-08-12,example.org
943,Meagan Tucker,uwright@example.net,2022-06-18,example.net
944,Bailey Higgins,turnerbrandy@example.net,2024-11-17,example.net
945,Elizabeth Jones,utodd@example.net,2021-10-24,example.net
946,Marilyn Crawford,craig97@example.net,2024-09-21,example.net
947,Adam Obrien,ashleyjackson@example.com,2024-02-19,example.com
948,April Dunn,bridgetwalsh@example.org,2023-10-20,example.org
949,Yvette Murray,kristenmartin@example.com,2020-11-27,example.com
950,Justin Brown,richard77@example.net,2020-01-24,example.net
951,Jeffrey Roman,austinjessica@example.net,2021-11-27,example.net
952,Jeremy Guerrero,benjaminhines@example.com,2020-07-04,example.com
953,Eduardo Dixon,ismith@example.com,2022-03-27,example.com
954,Stephanie Hernandez,smithjennifer@example.com,2021-06-04,example.com
955,Haley Sanchez,shannon51@example.org,2023-09-26,example.org
956,Sarah Smith,njackson@example.net,2024-01-04,example.net
957,Samantha Oconnor,cwade@example.org,2021-07-28,example.org
958,Scott Murray,johnsonelijah@example.com,2022-05-22,example.com
959,Crystal Ryan,wendy84@example.net,2024-04-18,example.net
960,William Wolfe,sandersjack@example.org,2020-06-01,example.org
961,Erica Phillips,kevinbruce@example.com,2021-10-11,example.com
962,Donald Elliott,jerry11@example.net,2024-07-20,example.net
963,Alexander Hernandez,cray@example.com,2021-03-26,example.com
964,Mr. Steve Mckinney,rayfry@example.org,2021-04-28,example.org
965,Kylie Larsen,cellis@example.net,2023-02-26,example.net
966,Jeremy Curtis,catherinecalderon@example.com,2023-06-27,example.com
967,Jerry Chavez,ashleystephens@example.org,2020-02-22,example.org
968,Emily Hill,jasmine07@example.net,2020-03-03,example.net
969,Eric Davis,elliottrobert@example.org,2020-10-16,example.org
970,Deborah Lee,gbrown@example.net,2021-01-21,example.net
971,Joshua Gutierrez,jorgebaker@example.com,2020-05-20,example.com
972,Charles Hood,andrew43@example.com,2021-12-13,example.com
973,Charles Harvey,igarcia@example.org,2024-10-23,example.org
974,Erin Fitzpatrick,jillian74@example.com,2022-06-30,example.com
975,Dillon Martin,jamiemills@example.net,2023-12-10,example.net
976,Cassandra Watts,tonyawoods@example.com,2023-06-20,example.com
977,Jennifer Wilson,lkent@example.net,2023-08-09,example.net
978,Elizabeth Morris,vincentmccormick@example.com,2024-05-19,example.com
979,Donna Forbes,melissatorres@example.com,2024-01-16,example.com
980,Lisa Hammond,christina98@example.net,2022-07-31,example.net
981,Michael Pham,christine92@example.net,2020-07-15,example.net
982,Shawn Brady,rwilliams@example.com,2020-07-14,example.com
983,Jason Harper,pwest@example.net,2022-07-13,example.net
984,Jesse Johnson,lauren56@example.org,2022-08-28,example.org
985,Jessica Mcpherson,brendahowe@example.org,2021-04-19,example.org
986,Randy Weeks,yaustin@example.org,2023-01-19,example.org
987,David Palmer,emily06@example.net,2022-08-09,example.net
988,Juan Boyd,tanyasavage@example.net,2021-02-26,example.net
989,Blake Gibson,bobby08@example.com,2023-02-01,example.com
990,Ryan Finley,prodriguez@example.org,2023-06-04,example.org
991,Christopher Campbell,sullivandaniel@example.net,2024-08-26,example.net
992,John Farmer,gabriela97@example.net,2024-07-09,example.net
993,Stephanie Smith,brookelang@example.net,2021-11-06,example.net
994,Michael Collins,beth57@example.org,2023-01-27,example.org
995,Paul Reynolds,kristin10@example.net,2020-03-25,example.net
996,Matthew Adams,cookdakota@example.net,2022-03-16,example.net
997,Kimberly Clarke,mfox@example.com,2023-01-01,example.com
998,Anthony Harrison,marshchristine@example.org,2021-02-25,example.org
999,Suzanne Huber,gcarr@example.net,2022-11-09,example.net
1000,Mark Cruz,yscott@example.org,2022-03-28,example.org
