user_id,name,email,signup_date
1,Cynthia Morris,aliciaodonnell@example.com,2020-10-05 00:00:00
2,Rachel Rogers,craigjones@example.net,2020-04-02 00:00:00
3,Stephen Marquez,jbutler@example.org,2020-06-30 00:00:00
4,Anna Gutierrez,lindsay08@example.net,2023-12-14 00:00:00
5,Mike Williams,iwatson@example.net,2021-12-24 00:00:00
6,Mr. Ian Lawrence,mark04@example.net,2022-04-05 00:00:00
7,Morgan Allen,amanda34@example.org,2021-02-14 00:00:00
8,Angela Sullivan,christopher84@example.com,2023-11-05 00:00:00
9,Stephen Barber,frederick78@example.net,2024-07-26 00:00:00
10,Haley King,danielsbrittany@example.com,2022-04-19 00:00:00
11,Mrs. Stacie Williams,amiller@example.com,2024-05-28 00:00:00
12,Timothy Bennett,gcunningham@example.net,2021-02-03 00:00:00
13,Denise Baker,asilva@example.net,2021-08-01 00:00:00
14,Felicia Lee,katherine95@example.org,2022-03-14 00:00:00
15,Michael Martin,xarnold@example.org,2022-04-25 00:00:00
16,Mr. Travis Evans,evanskristy@example.com,2022-10-13 00:00:00
17,Rebecca Kelly,washingtonyolanda@example.net,2020-02-09 00:00:00
18,Peter Hoffman,jessica78@example.net,2021-08-10 00:00:00
19,Ashley Donovan,singletonkathryn@example.net,2022-04-04 00:00:00
20,Sarah Landry,seanlee@example.net,2024-08-21 00:00:00
21,Frank Taylor,lhuffman@example.net,2021-08-24 00:00:00
22,Lisa Brown,carmen23@example.net,2022-01-31 00:00:00
23,Bridget Smith,brownamanda@example.org,2022-10-30 00:00:00
24,Megan Austin,ucooley@example.org,2023-05-12 00:00:00
25,Jennifer Turner,vsmith@example.net,2023-11-26 00:00:00
26,Brandon Marsh,leejoseph@example.com,2021-10-04 00:00:00
27,Christie Mitchell,derekhampton@example.org,2023-09-03 00:00:00
28,Frank Carter,amber63@example.net,2022-01-28 00:00:00
29,Beth Peters,josephcastaneda@example.com,2023-02-12 00:00:00
30,Breanna Mcdaniel,rfisher@example.com,2024-04-28 00:00:00
31,Robert Cohen,kwoods@example.net,2024-09-27 00:00:00
32,Robert Davies,yodergrace@example.net,2021-08-13 00:00:00
33,Cheyenne Ayers,vparrish@example.org,2024-01-10 00:00:00
34,Nicholas Williams,barajasnicholas@example.org,2022-02-28 00:00:00
35,Mary Sutton,meredith31@example.org,2021-12-04 00:00:00
36,Madison Moreno,popejeremy@example.net,2020-08-23 00:00:00
37,Kenneth Hill,andrewoconnor@example.org,2022-08-28 00:00:00
38,Alicia Dougherty,andrewestrada@example.net,2024-07-19 00:00:00
39,Peter Clark,nancy50@example.net,2023-12-22 00:00:00
40,Monica Bush,qcortez@example.org,2024-10-26 00:00:00
41,Alfred Fields,shodge@example.net,2020-07-17 00:00:00
42,Catherine Schmidt,grahamryan@example.com,2023-12-14 00:00:00
43,Margaret Graham,harperbrandon@example.net,2024-11-17 00:00:00
44,Brian Chase,luis56@example.com,2020-07-10 00:00:00
45,Claire Alvarez MD,greenerachel@example.net,2021-09-25 00:00:00
46,Hailey Kennedy,bethblack@example.com,2023-06-06 00:00:00
47,Jeff Gray,kyledavis@example.org,2022-03-08 00:00:00
48,Darlene Taylor,bmerritt@example.net,2022-01-27 00:00:00
49,Donna Phillips,vanessacastro@example.net,2023-06-23 00:00:00
50,Matthew Diaz,kenneth21@example.net,2021-06-17 00:00:00
51,Jackson Oconnor,goulddavid@example.com,2024-09-09 00:00:00
52,Steven Johnson,moodybeth@example.com,2020-11-21 00:00:00
53,Krista Powers,pamelaking@example.org,2023-09-13 00:00:00
54,Jenna Parker,zrogers@example.com,2021-11-19 00:00:00
55,Corey Brown,cindy65@example.com,2024-07-05 00:00:00
56,Tyler Jensen,frank62@example.org,2020-08-21 00:00:00
57,Emily Deleon,davidmathews@example.org,2023-03-04 00:00:00
58,Ryan Gonzalez,larrygeorge@example.org,2023-06-09 00:00:00
59,Jose Maldonado,jjones@example.net,2024-08-02 00:00:00
60,Matthew Gutierrez,kirbyelizabeth@example.org,2020-05-02 00:00:00
61,Andrew Hernandez,dawn63@example.net,2020-07-28 00:00:00
62,Audrey Wade,chansen@example.com,2021-07-04 00:00:00
63,Ashley Jackson,brandy86@example.com,2024-05-26 00:00:00
64,Maria Hamilton,ephillips@example.net,2021-04-08 00:00:00
65,Emily Quinn,kevin48@example.com,2020-02-09 00:00:00
66,Kathleen Peters,ronald76@example.net,2023-03-01 00:00:00
67,Abigail Marquez,wthompson@example.org,2024-04-12 00:00:00
68,Ruben Banks,testrada@example.net,2020-05-06 00:00:00
69,Regina Hall,jackbell@example.com,2020-11-21 00:00:00
70,Tristan Richardson,schneiderheather@example.net,2021-05-12 00:00:00
71,Laurie Jacobs,kballard@example.org,2024-04-23 00:00:00
72,Carl Harris,billy20@example.com,2022-10-22 00:00:00
73,Abigail Hernandez,clarksean@example.com,2021-07-26 00:00:00
74,Aaron Snyder,jean15@example.org,2023-01-28 00:00:00
75,Julie Huffman,jessicamendoza@example.net,2021-01-03 00:00:00
76,Aaron Macdonald,jennifermartinez@example.net,2021-03-24 00:00:00
77,Brittany Lawrence,nmoore@example.org,2023-08-27 00:00:00
78,Sarah Martin,davidberry@example.com,2024-06-03 00:00:00
79,Mario Johnson,bhammond@example.com,2020-04-12 00:00:00
80,Laurie Jones,gsmith@example.net,2020-01-14 00:00:00
81,Deanna Wade,david38@example.org,2020-01-11 00:00:00
82,Jillian Jones,andrewmora@example.net,2024-07-27 00:00:00
83,Kelly Escobar,lisaweaver@example.net,2024-08-06 00:00:00
84,Joanne Kim,ashley66@example.org,2022-09-12 00:00:00
85,Michelle Smith,mcdaniellisa@example.org,2021-06-05 00:00:00
86,John Ellis,brianna11@example.com,2023-06-22 00:00:00
87,Michelle Ferguson,uoconnor@example.org,2024-10-24 00:00:00
88,Michael Rodriguez,allenscott@example.com,2023-06-15 00:00:00
89,James Ashley,yangsamantha@example.org,2024-07-08 00:00:00
90,Angela Galloway,vazquezstephanie@example.org,2022-12-04 00:00:00
91,Veronica Adams,jodydeleon@example.com,2022-01-24 00:00:00
92,Michael Harper,sonia00@example.com,2022-06-15 00:00:00
93,Larry Williams,griffincolleen@example.org,2024-09-22 00:00:00
94,Michael Hughes,garciaryan@example.org,2024-03-08 00:00:00
95,Michael Martin,molinamichaela@example.com,2020-02-18 00:00:00
96,Laura Jimenez,christinaspencer@example.com,2020-11-01 00:00:00
97,Cheryl Williams,ashleyfreeman@example.com,2022-12-14 00:00:00
98,Jessica Walter,vrodriguez@example.org,2024-09-08 00:00:00
99,Dennis Jones,amanda04@example.net,2024-09-29 00:00:00
100,Jasmine Stafford,shelbyharris@example.net,2020-12-01 00:00:00
101,Joseph Hall,adam44@example.net,2020-09-29 00:00:00
102,Joseph Davis,scantu@example.com,2024-11-10 00:00:00
103,Rebekah Nelson,dickersonevan@example.org,2022-12-31 00:00:00
104,Charles Davis,garykaiser@example.net,2023-10-23 00:00:00
105,Nathan Khan,caitlingardner@example.org,2021-05-22 00:00:00
106,Joanna Townsend,iberry@example.net,2020-10-04 00:00:00
107,Mrs. Jessica Martin,jillian58@example.com,2022-09-08 00:00:00
108,Brianna Lozano,philipbennett@example.com,2023-09-05 00:00:00
109,Sharon Scott,savila@example.net,2021-06-30 00:00:00
110,Mark Houston,josephbishop@example.com,2023-11-02 00:00:00
111,Jessica Anderson,nataliesmith@example.net,2022-09-09 00:00:00
112,Candace Williamson,michaellambert@example.com,2021-10-06 00:00:00
113,Jessica Moore,paulrich@example.com,2023-06-05 00:00:00
114,Erin Villarreal,jjones@example.com,2022-10-10 00:00:00
115,Alexis Becker DVM,robert84@example.net,2021-09-24 00:00:00
116,Eileen Ellis,bobbyrobinson@example.com,2022-11-30 00:00:00
117,Jason Sims,holmeschristopher@example.com,2024-02-18 00:00:00
118,Jennifer Luna,andersoneric@example.com,2020-06-22 00:00:00
119,Xavier Snow,goodwinpaul@example.net,2022-01-14 00:00:00
120,Jeffrey Smith,johnknight@example.com,2021-02-14 00:00:00
121,Lauren Cohen,jacksonjeffrey@example.net,2021-06-21 00:00:00
122,Cheryl Grimes,reyestimothy@example.org,2024-06-04 00:00:00
123,Ashley Mcdonald,melodyclark@example.org,2024-10-10 00:00:00
124,Kyle Warner,ramseyaaron@example.com,2022-04-29 00:00:00
125,Diana Howard,carrie38@example.com,2024-07-13 00:00:00
126,Eileen Benton,catherinedavis@example.org,2022-07-10 00:00:00
127,Curtis Robbins,ujones@example.com,2022-05-12 00:00:00
128,Isaiah Ellis,gina41@example.net,2020-08-03 00:00:00
129,Erik Brooks,bankskelly@example.com,2022-03-13 00:00:00
130,Jennifer Walker,msanchez@example.net,2022-06-03 00:00:00
131,Alan Smith,hoodtravis@example.org,2022-12-05 00:00:00
132,Nicole Lewis,frostleah@example.org,2020-07-25 00:00:00
133,Sarah Mendez,monroeshannon@example.com,2024-11-27 00:00:00
134,Deborah Mcgrath,virginia65@example.net,2022-03-19 00:00:00
135,Curtis Lawrence,carlanelson@example.net,2022-11-01 00:00:00
136,Stephanie Marsh,jillglover@example.org,2021-01-26 00:00:00
137,Jennifer Perez,hannahdonovan@example.com,2021-06-24 00:00:00
138,Andrew Velez,sarapatel@example.org,2024-04-14 00:00:00
139,April Johnson,pamela17@example.net,2023-02-25 00:00:00
140,Karen Schmitt,wallacesarah@example.org,2023-03-23 00:00:00
141,Anthony Wilson,josephgonzalez@example.com,2023-12-11 00:00:00
142,Sherry Mejia,williamdawson@example.com,2023-10-01 00:00:00
143,Meredith Henry,mary81@example.org,2023-06-14 00:00:00
144,Holly Freeman,kevin43@example.com,2020-07-01 00:00:00
145,Timothy Butler,lynnanderson@example.net,2023-02-11 00:00:00
146,John Chase,linda13@example.net,2023-07-09 00:00:00
147,Kayla Taylor,markatkinson@example.org,2022-10-23 00:00:00
148,Jeanette Schmidt,carlasantos@example.com,2024-08-08 00:00:00
149,Kevin Martin,charles10@example.org,2023-10-27 00:00:00
150,Victoria Tucker,dawn74@example.org,2021-05-10 00:00:00
151,Nicholas Rodriguez,smithmichael@example.com,2020-10-06 00:00:00
152,Evelyn Gonzales,sue22@example.net,2021-01-01 00:00:00
153,Sandra Sanders,jonathanhenry@example.com,2020-11-13 00:00:00
154,Kristopher Higgins,terrysamantha@example.org,2022-02-16 00:00:00
155,Laura Weber,wsmith@example.org,2023-01-24 00:00:00
156,Shelly Bush,rsnow@example.com,2020-11-24 00:00:00
157,Julie Lopez,candacesharp@example.com,2024-01-28 00:00:00
158,Theresa Ramirez,nhoward@example.net,2024-12-07 00:00:00
159,Jennifer Fitzgerald,williamsjacob@example.org,2024-01-18 00:00:00
160,Dawn Smith,joseph95@example.com,2020-07-29 00:00:00
161,Laura Deleon,christopherclark@example.net,2021-08-07 00:00:00
162,James Rogers,brian67@example.net,2021-11-13 00:00:00
163,Jessica Rocha,francis30@example.org,2021-04-23 00:00:00
164,Shannon Hanson,uarnold@example.com,2022-12-02 00:00:00
165,Tara Smith,davidruiz@example.org,2020-09-15 00:00:00
166,Jennifer Coleman,tina49@example.org,2024-03-26 00:00:00
167,Jessica Boyd,michael87@example.net,2024-01-21 00:00:00
168,Sarah Le,brownmichael@example.org,2021-03-30 00:00:00
169,Carolyn Jenkins,wrightcarrie@example.com,2020-04-10 00:00:00
170,Paula Ferguson,jamesgarrison@example.org,2023-05-19 00:00:00
171,John Austin,baileytyler@example.net,2021-07-16 00:00:00
172,Richard Mitchell,lewisrobert@example.com,2022-07-30 00:00:00
173,Eric Norris,erica50@example.com,2022-06-06 00:00:00
174,Travis Lewis,katie93@example.net,2024-09-05 00:00:00
175,Anthony Houston,hollylewis@example.org,2021-02-20 00:00:00
176,Jessica Robles,laura73@example.org,2022-07-12 00:00:00
177,Michael Russo,nicolephillips@example.net,2021-12-13 00:00:00
178,Brittany Munoz,nicole36@example.com,2020-09-30 00:00:00
179,Timothy Dominguez,shellyfranklin@example.org,2022-11-20 00:00:00
180,Bryan Strong,marshalltracy@example.net,2021-09-08 00:00:00
181,Bridget Dodson,stevendonovan@example.net,2024-03-25 00:00:00
182,Donna Mays,kelly93@example.com,2022-02-23 00:00:00
183,Alejandra Mccarthy,jacobdavis@example.net,2021-12-11 00:00:00
184,Clifford Rogers,rmacias@example.org,2022-09-14 00:00:00
185,Anthony Carney,justin10@example.net,2023-05-19 00:00:00
186,Richard Clark,mary11@example.org,2024-02-01 00:00:00
187,Jamie Alvarez,smithronald@example.net,2022-11-05 00:00:00
188,Shawn Anderson,tbest@example.net,2022-08-26 00:00:00
189,Lisa Riley,bartonjo@example.net,2024-12-05 00:00:00
190,Carol Garcia,dwilliamson@example.org,2024-05-07 00:00:00
191,Stephen Cline,joshuabooth@example.org,2023-09-15 00:00:00
192,Brian Mann,patricia31@example.com,2022-06-01 00:00:00
193,Kristen Hall,ubartlett@example.org,2021-01-24 00:00:00
194,Tyler Davis,andrewsmith@example.net,2021-09-06 00:00:00
195,Nicholas Wilson,ballkathleen@example.org,2023-03-23 00:00:00
196,Natalie Brewer,paul02@example.net,2024-03-26 00:00:00
197,Colleen Blair,cannoncarlos@example.org,2021-12-31 00:00:00
198,Tracy Howell,linjustin@example.org,2020-02-15 00:00:00
199,Mary Smith,meyeralicia@example.net,2023-07-24 00:00:00
200,Kevin Salazar,samantharoberts@example.net,2021-07-14 00:00:00
201,Justin Elliott,gina54@example.org,2024-06-08 00:00:00
202,Frank Edwards,chad32@example.net,2020-06-23 00:00:00
203,Lori Johnston,tammy59@example.com,2021-12-18 00:00:00
204,Michael Ballard,clarkkirk@example.net,2024-03-12 00:00:00
205,Kathleen Johnson,pottsryan@example.org,2021-05-03 00:00:00
206,Peter Hurst,robingilbert@example.org,2023-11-12 00:00:00
207,Michael Burns,acrawford@example.net,2021-10-23 00:00:00
208,David Vazquez,omoore@example.net,2022-12-24 00:00:00
209,Thomas Anthony,rachel33@example.net,2024-05-24 00:00:00
210,Angelica Marshall,pwade@example.org,2021-03-05 00:00:00
211,Jessica White,sstark@example.org,2023-07-25 00:00:00
212,Dennis Martinez,jane67@example.com,2020-04-03 00:00:00
213,Bradley Smith,mariomahoney@example.com,2023-05-26 00:00:00
214,Cynthia Odonnell,tracycarson@example.net,2023-05-11 00:00:00
215,Jesse Steele,ballardellen@example.org,2020-06-23 00:00:00
216,Jeremy Anderson,gonzalesscott@example.com,2024-02-17 00:00:00
217,Lacey Mitchell,lopezdavid@example.com,2023-08-27 00:00:00
218,Jason Barker,johnsonstephen@example.net,2021-02-17 00:00:00
219,Ronald Wilson,angelabryant@example.org,2023-12-09 00:00:00
220,John Robertson,alejandroochoa@example.net,2023-11-29 00:00:00
221,Rhonda Poole,carlos71@example.com,2024-07-18 00:00:00
222,David Hall,xclayton@example.org,2024-04-28 00:00:00
223,Kelsey Kim,thomas32@example.net,2022-07-16 00:00:00
224,Crystal Johnston,robertcantu@example.net,2022-06-24 00:00:00
225,Andrea Fischer,susandoyle@example.com,2021-04-21 00:00:00
226,Julie Terrell,gregory59@example.net,2021-09-07 00:00:00
227,Debra Williams,smiththomas@example.com,2024-10-07 00:00:00
228,Katie Hahn,kathleenhancock@example.net,2022-07-17 00:00:00
229,Felicia Wright,arellanomark@example.org,2024-07-23 00:00:00
230,Hannah Carroll,racheltodd@example.net,2021-01-14 00:00:00
231,Jennifer Hunt,valdezthomas@example.org,2021-04-18 00:00:00
232,Sarah Martin,brettfisher@example.com,2021-04-15 00:00:00
233,Anthony Lopez,christine26@example.org,2023-12-03 00:00:00
234,Ryan Jones,taylordavid@example.org,2021-06-16 00:00:00
235,Timothy Thomas,haasterri@example.net,2021-11-27 00:00:00
236,Hector Taylor,wyang@example.com,2022-03-24 00:00:00
237,Diana Woods,hlambert@example.com,2023-06-16 00:00:00
238,Charles Hernandez,collinswilliam@example.net,2024-02-05 00:00:00
239,Thomas Edwards,mary51@example.net,2023-12-15 00:00:00
240,Jessica Stewart,williamray@example.org,2020-02-27 00:00:00
241,Amber Gordon DVM,cjones@example.net,2021-08-27 00:00:00
242,Stephanie Barker,jessicadillon@example.com,2021-10-31 00:00:00
243,Tammy Murray,znichols@example.org,2023-01-26 00:00:00
244,Mary Flores,cynthiajohnson@example.net,2022-12-30 00:00:00
245,Kim Anderson,natasharoy@example.com,2020-05-17 00:00:00
246,Stacy White,bwilliams@example.org,2020-07-03 00:00:00
247,Michelle Knapp,sdavis@example.com,2021-01-17 00:00:00
248,Aaron Rivas,davisshannon@example.org,2022-10-02 00:00:00
249,Richard Wilkins,william52@example.org,2021-04-14 00:00:00
250,David Fritz,xdaugherty@example.com,2022-11-20 00:00:00
251,Christina Miller,taylor50@example.net,2022-03-05 00:00:00
252,Richard Singleton,bjoseph@example.net,2021-02-11 00:00:00
253,Emily Boyer,harveymichael@example.org,2024-10-20 00:00:00
254,Grace Dunlap,connieyoung@example.net,2024-10-07 00:00:00
255,Roger Glover,ljenkins@example.net,2020-03-04 00:00:00
256,Victoria Simmons,justingarrett@example.com,2024-11-23 00:00:00
257,Autumn Drake,james43@example.com,2024-08-26 00:00:00
258,Laura Arias,adambrown@example.org,2020-12-31 00:00:00
259,Rebecca Pratt,scottrussell@example.com,2024-05-05 00:00:00
260,Antonio Martinez,abarber@example.net,2021-07-15 00:00:00
261,Marcus Munoz,perrymichael@example.org,2024-07-31 00:00:00
262,Kenneth Crawford,jjohnson@example.org,2021-01-26 00:00:00
263,Michael Brown,carlosgrant@example.net,2020-08-10 00:00:00
264,Jason Griffin,jonathan82@example.net,2024-03-08 00:00:00
265,Brittney Smith,holly57@example.com,2022-06-13 00:00:00
266,Colin Moore,amandajohnson@example.com,2021-11-24 00:00:00
267,Susan Leach,mary86@example.org,2023-10-06 00:00:00
268,Pamela Hunter,victor75@example.net,2021-05-02 00:00:00
269,Jessica Wood,wanda62@example.net,2020-02-03 00:00:00
270,Kyle Garcia,goodmaria@example.org,2020-06-10 00:00:00
271,Kristen Burton,april84@example.net,2024-06-06 00:00:00
272,Melissa Johnson,nwheeler@example.net,2022-09-06 00:00:00
273,Eric Burke,debra71@example.org,2023-04-15 00:00:00
274,Hector Contreras,jnewman@example.org,2020-07-31 00:00:00
275,Christy Oliver,karenedwards@example.org,2024-01-12 00:00:00
276,Marie Lewis,alicia92@example.org,2020-01-17 00:00:00
277,Micheal Thompson,sophiaevans@example.com,2020-07-28 00:00:00
278,Alejandra Walter,jwhitaker@example.com,2020-02-27 00:00:00
279,Thomas Hunt,smonroe@example.org,2020-09-18 00:00:00
280,Gregory Palmer,johndavis@example.net,2024-10-18 00:00:00
281,Adriana Wilson,mortonshelly@example.org,2021-05-11 00:00:00
282,Justin Nicholson,sanchezstephanie@example.org,2020-03-17 00:00:00
283,Paula Wang,emorse@example.com,2024-07-21 00:00:00
284,James Mcdaniel,gregory20@example.com,2021-09-16 00:00:00
285,Lisa Montes,ledwards@example.org,2020-04-06 00:00:00
286,Jeffery Murray,debbiegill@example.org,2024-02-18 00:00:00
287,Evan Coleman,thompsoneric@example.com,2021-01-18 00:00:00
288,Katherine Stout,djohnson@example.org,2022-06-29 00:00:00
289,Robert Evans,maryperez@example.net,2023-07-06 00:00:00
290,Ian Garcia,romerojoseph@example.com,2021-08-22 00:00:00
291,Sharon Campbell,derekprice@example.org,2024-04-11 00:00:00
292,Natalie White,douglas07@example.net,2020-12-31 00:00:00
293,Mary Joyce,austin90@example.org,2022-10-04 00:00:00
294,Gregory Reeves,jacksonrobert@example.net,2021-02-08 00:00:00
295,Kathleen Cox,hawkinscolleen@example.com,2022-06-10 00:00:00
296,Angel Arnold,owenkelsey@example.com,2024-10-30 00:00:00
297,Sierra Wagner,elizabeth36@example.com,2022-12-22 00:00:00
298,Kyle Sampson,ljuarez@example.net,2021-07-14 00:00:00
299,Courtney Davis,jessica53@example.org,2023-07-01 00:00:00
300,Stacy Stanley,pagedarryl@example.org,2024-09-06 00:00:00
301,Richard Reed,daviddavis@example.net,2023-02-06 00:00:00
302,Madeline Shah DVM,gail26@example.com,2021-07-27 00:00:00
303,Mr. Rodney Houston,cschroeder@example.com,2021-04-02 00:00:00
304,Donald Collier,anthony03@example.net,2020-04-06 00:00:00
305,Michelle Briggs,xjones@example.org,2022-10-16 00:00:00
306,Eric Perez,jonesshannon@example.com,2023-07-30 00:00:00
307,Derek Gonzalez,jaredclark@example.com,2022-05-08 00:00:00
308,Christopher Vasquez,harperthomas@example.net,2024-12-03 00:00:00
309,Laura Alvarez,wgarcia@example.org,2023-05-11 00:00:00
310,Mark Brown,ooneal@example.org,2024-03-25 00:00:00
311,Tara Sutton,ymiller@example.org,2024-03-16 00:00:00
312,Justin Sloan,curtisjones@example.net,2023-05-25 00:00:00
313,Erin Anderson,williamselizabeth@example.org,2023-01-25 00:00:00
314,Cameron Middleton,ortizmichael@example.com,2021-09-25 00:00:00
315,Howard Moreno,perkinskathy@example.org,2022-12-29 00:00:00
316,Travis Pena,sarahdavis@example.net,2020-04-20 00:00:00
317,Teresa Clark,carloswang@example.org,2021-04-24 00:00:00
318,Lindsay Smith,awheeler@example.com,2021-10-30 00:00:00
319,Paula Johnson,kempcheryl@example.org,2021-04-25 00:00:00
320,Monica Miller,guzmansteven@example.com,2021-09-03 00:00:00
321,Scott Wilson,hendrixgary@example.net,2022-12-26 00:00:00
322,Felicia Rodgers,larryorr@example.org,2021-07-30 00:00:00
323,Melissa Alexander,cwilliams@example.com,2022-12-15 00:00:00
324,Eric Klein,jordanstephanie@example.com,2021-10-20 00:00:00
325,Alicia Montgomery,gvargas@example.net,2024-05-02 00:00:00
326,William Marquez,gregory08@example.com,2022-06-24 00:00:00
327,Anthony Sanchez,vruiz@example.com,2021-06-10 00:00:00
328,Andrew Johnson,toconnor@example.org,2020-11-24 00:00:00
329,Michelle Ramirez,jordan18@example.com,2021-05-17 00:00:00
330,Mary Johnson,thanna@example.org,2021-12-01 00:00:00
331,Ryan Suarez,debbie72@example.com,2023-05-17 00:00:00
332,Brandon Hampton,uchristian@example.net,2024-06-28 00:00:00
333,Kimberly Martinez,jacksonamber@example.org,2024-07-25 00:00:00
334,Joanna Knapp,cindyvazquez@example.com,2023-04-26 00:00:00
335,Phillip Diaz,russelldonna@example.org,2024-04-25 00:00:00
336,Susan Newton,petersennathan@example.com,2022-04-09 00:00:00
337,Chad Richardson,jerry33@example.net,2021-02-22 00:00:00
338,Joseph Mendoza,ealvarez@example.net,2024-08-06 00:00:00
339,Joshua Simon,riveraadrian@example.net,2022-05-28 00:00:00
340,Sheri Mccullough,allison62@example.com,2020-01-11 00:00:00
341,Jordan Rodriguez,montesdana@example.net,2020-08-08 00:00:00
342,Jason Thomas,shawjose@example.com,2020-05-19 00:00:00
343,Jennifer Hancock,debrabrown@example.net,2024-09-19 00:00:00
344,Kevin Roberts,vparsons@example.org,2024-10-05 00:00:00
345,Angel Beard,josemejia@example.net,2023-04-30 00:00:00
346,Cory Bryant,mendozajessica@example.org,2020-08-22 00:00:00
347,Jeffrey Todd,scottmartinez@example.net,2023-04-28 00:00:00
348,Terry Johnson,crystal77@example.com,2022-06-07 00:00:00
349,Mr. Andrew Lewis,qsnyder@example.org,2022-03-10 00:00:00
350,Samantha Benjamin,delgadojason@example.com,2020-02-09 00:00:00
351,Timothy Sanchez,xmiller@example.com,2022-08-07 00:00:00
352,Robert Davis,slawrence@example.com,2023-03-31 00:00:00
353,Jennifer Miller,tamaraharris@example.com,2021-06-01 00:00:00
354,Carlos Combs,marisanguyen@example.com,2021-09-11 00:00:00
355,Bonnie Frank,uyoung@example.net,2023-02-18 00:00:00
356,Jennifer Sutton,ijones@example.net,2022-08-05 00:00:00
357,Cassandra Harris,heathervazquez@example.net,2021-01-17 00:00:00
358,Lisa Martin,staffordashley@example.org,2022-08-26 00:00:00
359,Kenneth Gomez,briancohen@example.com,2021-11-22 00:00:00
360,Mary Wagner,sara37@example.com,2023-07-22 00:00:00
361,Donald Wilkins,xwalker@example.com,2022-10-20 00:00:00
362,Jonathan Thompson,jacksonalexandria@example.com,2024-01-28 00:00:00
363,Victor Richardson,mark08@example.net,2024-02-12 00:00:00
364,Harold Bennett,snewton@example.net,2022-10-11 00:00:00
365,Megan Harper,jfuller@example.net,2023-03-09 00:00:00
366,Steven Nunez,hwilson@example.net,2021-01-24 00:00:00
367,Billy Rodriguez,colemanrobert@example.com,2020-09-19 00:00:00
368,Trevor Hernandez,stephenstewart@example.com,2020-10-02 00:00:00
369,Teresa Ryan,hayley30@example.org,2022-11-13 00:00:00
370,Kristine White,amyers@example.net,2021-06-14 00:00:00
371,James Green,richard27@example.org,2020-05-23 00:00:00
372,Keith Mcpherson,andersonjessica@example.org,2022-04-13 00:00:00
373,Jennifer Wheeler,ygomez@example.org,2023-03-09 00:00:00
374,Billy Wheeler,ymartin@example.com,2021-07-09 00:00:00
375,Daniel King,thomaswarren@example.org,2022-07-30 00:00:00
376,Anna Villa,susan27@example.org,2024-05-13 00:00:00
377,Mckenzie Sanders,gperez@example.net,2020-12-26 00:00:00
378,Samantha Williams,amber13@example.com,2020-11-10 00:00:00
379,Jodi Berry,ffoley@example.com,2022-11-20 00:00:00
380,Brett Gibbs,kevinspence@example.org,2024-07-13 00:00:00
381,Katherine Carlson,stevensonrobert@example.net,2020-05-17 00:00:00
382,Dawn Lowe,johnsimpson@example.org,2023-10-04 00:00:00
383,Eric Cole,xanderson@example.com,2020-04-04 00:00:00
384,Patricia Scott,qdudley@example.net,2024-10-05 00:00:00
385,Dr. William Johnson,johngallegos@example.net,2023-04-12 00:00:00
386,Ashley Rodriguez,hodgesmary@example.net,2021-07-04 00:00:00
387,Jared Brewer,gail89@example.net,2023-07-01 00:00:00
388,Claire Adams,elizabeth86@example.com,2020-01-01 00:00:00
389,Rhonda Blackwell,lacey76@example.com,2020-02-26 00:00:00
390,Tara Brown,denisehall@example.net,2021-06-27 00:00:00
391,Aaron Baker,ztaylor@example.org,2022-04-26 00:00:00
392,Laura Banks,skim@example.net,2022-01-27 00:00:00
393,Sarah Williamson,bairdjacqueline@example.net,2021-09-13 00:00:00
394,Nicholas White,rogersmichelle@example.org,2024-01-26 00:00:00
395,Jennifer Hill,shane04@example.net,2020-07-14 00:00:00
396,Julie Anderson,gcook@example.com,2022-11-23 00:00:00
397,Elizabeth Richard,ymcdonald@example.net,2021-05-30 00:00:00
398,Mark Thompson,jeffrey71@example.org,2023-04-29 00:00:00
399,Susan Kennedy,ele@example.com,2021-11-10 00:00:00
400,Autumn Cole,esimmons@example.com,2020-01-17 00:00:00
401,Maria Griffith,aaronhorn@example.com,2023-05-27 00:00:00
402,Monica Weeks,cherryeddie@example.org,2020-06-05 00:00:00
403,Katherine Anderson,ediaz@example.com,2022-05-22 00:00:00
404,Leonard Miller,rchapman@example.net,2021-10-09 00:00:00
405,Shelly Daniels,mjackson@example.org,2024-08-24 00:00:00
406,Brady Cameron,wesleyhays@example.com,2023-09-24 00:00:00
407,Michael Miller,rollinsscott@example.org,2023-09-08 00:00:00
408,Nicholas Pittman,kennedyregina@example.net,2022-03-23 00:00:00
409,Patrick Powell,robertthomas@example.org,2023-05-29 00:00:00
410,John Jackson,michealbell@example.net,2024-09-27 00:00:00
411,Christina Moore,andreahernandez@example.com,2020-12-11 00:00:00
412,Kevin Ingram,cainrhonda@example.net,2024-01-06 00:00:00
413,Michelle Smith,drew21@example.net,2022-06-23 00:00:00
414,Cory Long,lgonzalez@example.com,2022-03-17 00:00:00
415,Dawn Mason,marc80@example.com,2024-11-15 00:00:00
416,Darrell Cortez,qwalls@example.com,2020-11-08 00:00:00
417,Jacob Hall,meyersjorge@example.org,2020-02-09 00:00:00
418,Victor Howell,kelly43@example.net,2023-08-21 00:00:00
419,Jason Mcguire,craigkenneth@example.net,2024-05-11 00:00:00
420,Kenneth Harris,hendersonkatrina@example.org,2023-01-16 00:00:00
421,Jeff Liu,wthomas@example.org,2021-12-22 00:00:00
422,Adam Brown,sabrinashannon@example.com,2024-11-15 00:00:00
423,Ariana Walker,robinsonnathan@example.com,2022-02-14 00:00:00
424,Jorge Williams,kelsey87@example.net,2023-04-02 00:00:00
425,Robert Gray,dstephens@example.net,2021-10-05 00:00:00
426,Brenda Williamson,shelly54@example.net,2021-11-08 00:00:00
427,Rebecca Walsh,brandonluna@example.com,2024-05-21 00:00:00
428,Mr. Jared Martin,nicole71@example.org,2021-11-18 00:00:00
429,Gregory Pope,daniel95@example.com,2020-09-28 00:00:00
430,Kelli Duncan,marshallgregory@example.net,2023-02-07 00:00:00
431,Renee Evans,zmoyer@example.com,2024-02-05 00:00:00
432,Jeffrey Thomas,ryanwolfe@example.com,2022-03-27 00:00:00
433,Isaiah Moran,gmorales@example.org,2021-06-03 00:00:00
434,Charles Cohen,michael28@example.org,2023-06-16 00:00:00
435,Dwayne Herman,andrewmitchell@example.org,2023-12-03 00:00:00
436,Nicholas Schroeder,watkinsamanda@example.com,2020-01-05 00:00:00
437,Timothy Stephens,ryan44@example.com,2022-11-01 00:00:00
438,Rebecca Foster,haileymoore@example.org,2020-12-12 00:00:00
439,Jose Stark,davidwilson@example.net,2023-05-08 00:00:00
440,Carol Snyder,jeffrey23@example.org,2021-09-02 00:00:00
441,Kimberly Carr,fbruce@example.net,2024-10-25 00:00:00
442,Teresa Rios,gsilva@example.net,2022-07-09 00:00:00
443,Tara Lee,thompsonseth@example.com,2023-01-07 00:00:00
444,Aaron Kelly,meganadams@example.com,2022-04-21 00:00:00
445,Donna Henry,lellis@example.org,2024-04-06 00:00:00
446,Andrew Moreno,jeffreybender@example.com,2024-09-11 00:00:00
447,Victoria Duncan,alexandra91@example.com,2022-03-12 00:00:00
448,Mrs. Laura Patton,bcarter@example.com,2021-04-02 00:00:00
449,Gina Lewis,xleonard@example.org,2022-08-19 00:00:00
450,Brian Schroeder,egarner@example.net,2022-10-22 00:00:00
451,Patricia Adams,jennifer80@example.net,2020-11-08 00:00:00
452,Bryan Smith,landrydavid@example.com,2020-09-28 00:00:00
453,Mark Wolf DDS,timothy56@example.net,2021-04-24 00:00:00
454,Anna Molina,fernandocooper@example.net,2024-03-22 00:00:00
455,Ashley Alvarado,daniel70@example.com,2023-05-30 00:00:00
456,Daniel Jones,yhanna@example.net,2024-01-25 00:00:00
457,Jonathan Smith,maldonadoamber@example.net,2022-10-24 00:00:00
458,Keith Solis,mshaw@example.com,2021-08-31 00:00:00
459,Tanner Clements,jamesjackson@example.net,2023-08-20 00:00:00
460,Karen Harper,jasmine54@example.com,2024-06-13 00:00:00
461,Victoria Rivera,patriciavelez@example.net,2021-04-26 00:00:00
462,Mary Mcknight,richardhouse@example.com,2020-10-21 00:00:00
463,Brian Mccarthy,kellytamara@example.net,2023-05-14 00:00:00
464,Sean Reed,wtodd@example.org,2024-06-26 00:00:00
465,Christopher Christensen,lsanchez@example.org,2021-04-01 00:00:00
466,Cindy Parsons,gabriel44@example.com,2024-03-30 00:00:00
467,Brooke Moreno,brucejoyce@example.com,2023-03-02 00:00:00
468,Robert Alvarez,rrice@example.net,2021-08-17 00:00:00
469,Christopher Griffin,brandigriffin@example.net,2023-09-23 00:00:00
470,Amber Baldwin,gonzalezjessica@example.net,2021-09-18 00:00:00
471,James Clark,melaniewarner@example.com,2023-12-03 00:00:00
472,Pamela Chang,drewshelton@example.net,2024-09-09 00:00:00
473,Robert Kerr,cmyers@example.net,2023-01-23 00:00:00
474,Sharon Neal,jenniferbaker@example.net,2021-05-01 00:00:00
475,Ashley Taylor,carterjesus@example.com,2020-08-19 00:00:00
476,Michael Riley,lindsay24@example.net,2024-03-20 00:00:00
477,Willie Velasquez,thompsonolivia@example.org,2022-10-08 00:00:00
478,Heather Smith,melissa55@example.net,2024-01-25 00:00:00
479,Cory Thompson,sandragonzalez@example.org,2022-09-03 00:00:00
480,Michael Jimenez,kevin92@example.net,2022-03-14 00:00:00
481,Valerie Morrison,wigginsgabrielle@example.com,2021-09-14 00:00:00
482,Marc Walter,adamskatherine@example.org,2024-03-11 00:00:00
483,Edwin Parker,ymurphy@example.org,2023-01-16 00:00:00
484,Tiffany Wilson,evansjason@example.com,2024-07-30 00:00:00
485,Frank Jimenez,michellebennett@example.com,2020-04-03 00:00:00
486,Lisa Key,mooregregory@example.com,2024-10-03 00:00:00
487,Shaun Leonard,robertsonbecky@example.com,2024-01-26 00:00:00
488,Debbie Patterson,owensrobert@example.net,2022-06-11 00:00:00
489,Valerie Gonzales,loributler@example.net,2023-07-18 00:00:00
490,Melissa Hill,sarasullivan@example.org,2021-03-02 00:00:00
491,Billy Johnson,robert88@example.org,2023-07-05 00:00:00
492,Christopher King,nicholas84@example.org,2022-10-29 00:00:00
493,John Bowen,lynnrosales@example.net,2020-03-21 00:00:00
494,Richard Morris,annette34@example.com,2022-01-09 00:00:00
495,Wesley Ortiz,owillis@example.net,2024-08-29 00:00:00
496,Russell Mcclain,connie02@example.org,2024-07-26 00:00:00
497,Monica Hendrix,reidsarah@example.com,2024-07-25 00:00:00
498,Monica Terrell,tlong@example.org,2024-11-14 00:00:00
499,Gary Logan,michaelanderson@example.net,2021-08-14 00:00:00
500,William Woods,torresgregory@example.com,2024-03-31 00:00:00
501,Julian Kennedy,jose07@example.org,2020-05-10 00:00:00
502,Omar Rhodes,shawnfarmer@example.com,2020-08-14 00:00:00
503,Mary Graham,whiteroger@example.org,2021-06-27 00:00:00
504,Mark Singh,matthew24@example.net,2024-07-19 00:00:00
505,Brian Jacobs,vswanson@example.com,2020-11-24 00:00:00
506,Erica Chen,wilsontiffany@example.org,2022-04-24 00:00:00
507,Jordan Kaufman,crussell@example.org,2024-11-20 00:00:00
508,Joseph Aguilar,bakertraci@example.net,2022-06-01 00:00:00
509,Amanda Johnson,brandigalvan@example.org,2023-06-08 00:00:00
510,Michael Price,stevengiles@example.com,2024-10-07 00:00:00
511,Seth White,ramosteresa@example.net,2023-08-28 00:00:00
512,John Bass,martinezkevin@example.com,2023-12-01 00:00:00
513,Bonnie Shelton,joshua63@example.net,2022-10-22 00:00:00
514,Mary Flores DVM,bassjohn@example.com,2021-03-24 00:00:00
515,Samantha Foster,juan20@example.org,2021-07-18 00:00:00
516,John Adams,olee@example.com,2022-03-02 00:00:00
517,Virginia Lawson,sritter@example.com,2023-06-18 00:00:00
518,Jamie Morales,jameschavez@example.com,2022-05-11 00:00:00
519,Johnny Hudson,ygonzalez@example.com,2020-09-30 00:00:00
520,Sara Downs,mark94@example.net,2022-06-19 00:00:00
521,Mrs. Emily Pearson,tjohnson@example.net,2022-06-27 00:00:00
522,Michael Melton,melaniesmith@example.com,2021-05-19 00:00:00
523,William Bowman,willisbilly@example.org,2023-02-08 00:00:00
524,Kim Stout,ujennings@example.net,2024-02-18 00:00:00
525,Monica Mcgrath,qchristensen@example.org,2020-12-07 00:00:00
526,Jonathan Fox,rodney05@example.com,2020-06-18 00:00:00
527,Shane Lee,kimberly02@example.net,2022-08-03 00:00:00
528,Robert Mitchell,randallrobinson@example.org,2020-03-20 00:00:00
529,Kimberly Williams,rtorres@example.com,2024-05-19 00:00:00
530,Angela Young,andrea03@example.com,2024-02-13 00:00:00
531,Kelly Reyes,jill25@example.org,2021-09-08 00:00:00
532,Kristen Miller,samanthamason@example.com,2024-09-11 00:00:00
533,Eric Greene,jgamble@example.org,2022-10-10 00:00:00
534,Becky Williams,kristinabates@example.net,2022-09-24 00:00:00
535,Kerry Richards,tiffany44@example.org,2023-09-02 00:00:00
536,Isaiah Stewart,holmeswilliam@example.net,2020-04-04 00:00:00
537,Rebecca Ramos,bmata@example.net,2023-05-16 00:00:00
538,Jason Harris,sandra76@example.net,2020-07-18 00:00:00
539,David Johnson,alexandriabarron@example.org,2024-02-04 00:00:00
540,Bryce Smith,reedmarc@example.org,2024-05-23 00:00:00
541,Zachary Hinton,rnorris@example.net,2022-04-11 00:00:00
542,Joseph Murray,gibsonwilliam@example.net,2021-09-18 00:00:00
543,Brian Powell,yangjacqueline@example.org,2020-01-05 00:00:00
544,Jesse Jones,lori57@example.com,2024-03-28 00:00:00
545,Alexander Henderson,debra64@example.net,2022-02-09 00:00:00
546,Jeremy Dalton,robertasummers@example.org,2021-07-13 00:00:00
547,Krista Ramirez,gonzalezkristopher@example.net,2022-08-05 00:00:00
548,Eric Velasquez,flowersnorma@example.org,2023-04-07 00:00:00
549,Eric Keith,darryllewis@example.org,2024-07-04 00:00:00
550,John Drake,pamela23@example.net,2020-08-16 00:00:00
551,Amanda Martin,jenkinsrebecca@example.com,2021-02-13 00:00:00
552,Robert Garcia,underwoodjessica@example.com,2020-12-07 00:00:00
553,Erin Shepard,charlespeterson@example.net,2023-11-13 00:00:00
554,Veronica Quinn,amanda52@example.com,2022-08-13 00:00:00
555,Gregory Wood,thomas11@example.net,2024-02-02 00:00:00
556,Wesley Alvarado,carpentermatthew@example.org,2023-12-22 00:00:00
557,Jason Anderson,nguyensara@example.net,2024-08-03 00:00:00
558,Raymond Foster,parrishmatthew@example.com,2021-04-07 00:00:00
559,Lauren Harris,yneal@example.org,2021-11-11 00:00:00
560,Danielle Kent,kevin57@example.com,2020-08-19 00:00:00
561,Francisco Nichols,bryanjones@example.org,2024-10-09 00:00:00
562,Sarah Smith,justin13@example.org,2020-03-07 00:00:00
563,Melanie Larson,ambermcintyre@example.net,2021-05-15 00:00:00
564,Jeff Roberts,ronaldlong@example.com,2020-11-04 00:00:00
565,Scott Williams,scottsarah@example.com,2020-06-14 00:00:00
566,Mr. Scott Chen,david18@example.org,2024-08-13 00:00:00
567,Jason Ware PhD,montgomeryrandy@example.org,2020-11-12 00:00:00
568,Hayley Ramirez,floydgregory@example.org,2023-05-27 00:00:00
569,Joshua Hamilton,victoria21@example.net,2020-11-15 00:00:00
570,Ashley Jordan,cmahoney@example.com,2022-02-10 00:00:00
571,Sean Calderon,youngwayne@example.com,2024-09-01 00:00:00
572,Jo Smith,lisaballard@example.org,2021-08-20 00:00:00
573,Paula Watson,taylorbrent@example.net,2024-12-03 00:00:00
574,Jason Wright,cfrancis@example.net,2022-09-23 00:00:00
575,Wayne Taylor,davisjohn@example.org,2022-09-06 00:00:00
576,Kelly Fernandez,tristanhernandez@example.com,2024-12-11 00:00:00
577,Ronald White,mendezsuzanne@example.net,2021-11-30 00:00:00
578,Lindsay Montgomery,rhodesmary@example.org,2023-08-08 00:00:00
579,James Johnson,kellysamuel@example.net,2020-09-21 00:00:00
580,Terri Spencer,wilsongabriella@example.org,2022-10-09 00:00:00
581,Mariah Johnson,elainebaker@example.com,2021-12-11 00:00:00
582,Miss Cindy Murphy,yramirez@example.com,2022-09-29 00:00:00
583,Jonathon Middleton,rodriguezjoseph@example.net,2024-09-22 00:00:00
584,Marcus Campbell,colesusan@example.com,2023-10-25 00:00:00
585,Sarah Miles,melissahiggins@example.net,2024-02-01 00:00:00
586,Rachel Luna,mary98@example.com,2023-09-08 00:00:00
587,Alison Duran,sandra69@example.com,2020-02-27 00:00:00
588,Scott Cervantes,wsmith@example.net,2023-12-23 00:00:00
589,Jeffrey Robertson,xwelch@example.com,2023-10-23 00:00:00
590,Mr. Ryan Martinez DDS,lori91@example.net,2024-05-28 00:00:00
591,Anna Carson,telliott@example.org,2023-11-15 00:00:00
592,Jay Chan,rgardner@example.net,2022-07-16 00:00:00
593,Eddie Johnston,charles27@example.org,2024-03-27 00:00:00
594,Tina Morris,juan48@example.net,2024-12-06 00:00:00
595,David Bryant,ihammond@example.net,2023-08-28 00:00:00
596,Leslie Nguyen,brittanywhite@example.net,2022-07-24 00:00:00
597,Melissa Thomas,sheryl58@example.net,2022-10-24 00:00:00
598,Joseph Johnson,nicholas00@example.net,2020-04-19 00:00:00
599,Wendy Rollins PhD,xpatterson@example.net,2023-10-27 00:00:00
600,Samuel Anderson,margaretgeorge@example.com,2024-02-09 00:00:00
601,Melanie Costa,paulkrueger@example.com,2022-01-01 00:00:00
602,Richard Decker,alisonlopez@example.net,2023-02-07 00:00:00
603,Dennis Garcia,jody97@example.com,2022-03-14 00:00:00
604,Benjamin Barnett,danny92@example.net,2020-03-01 00:00:00
605,Robert Smith,patricia91@example.org,2024-07-25 00:00:00
606,Katrina Dominguez,hconley@example.net,2023-11-03 00:00:00
607,Sharon Porter,john47@example.org,2020-02-23 00:00:00
608,Michael Smith,dawn90@example.com,2020-09-21 00:00:00
609,Jordan Brown,jeffreyferguson@example.org,2024-11-15 00:00:00
610,Dennis Chen,hensleykyle@example.org,2024-07-10 00:00:00
611,Jamie Schwartz,johnwong@example.com,2023-11-06 00:00:00
612,Victor Green,sandramills@example.org,2024-07-20 00:00:00
613,Crystal Riley,nthomas@example.org,2021-09-07 00:00:00
614,Joshua Carson,warrenjoshua@example.net,2021-07-27 00:00:00
615,Randy Brown,zwalsh@example.net,2023-11-13 00:00:00
616,Michael Daniels,gibbswilliam@example.com,2024-03-31 00:00:00
617,Matthew Guzman,fostermary@example.com,2020-12-17 00:00:00
618,Johnny Martinez,johnsonnicholas@example.com,2024-09-08 00:00:00
619,Elizabeth Roberts,chadcain@example.net,2020-08-21 00:00:00
620,Jessica Lopez,tamaralynn@example.net,2022-09-27 00:00:00
621,Nancy Alexander,robert08@example.org,2023-05-24 00:00:00
622,Brian Moore,geoffreymoreno@example.org,2021-06-03 00:00:00
623,Claudia Lewis,shannon97@example.net,2024-03-19 00:00:00
624,Jennifer Gomez,rachelparker@example.com,2021-11-03 00:00:00
625,Lisa Jones,chungrobin@example.net,2021-07-19 00:00:00
626,Heather Chen,erikavincent@example.net,2024-05-21 00:00:00
627,Dr. Justin Banks,brucecynthia@example.org,2020-12-04 00:00:00
628,Teresa Bond,nathanielclark@example.com,2020-11-16 00:00:00
629,Travis Jackson,rowebeverly@example.com,2023-03-14 00:00:00
630,Alyssa Harrington,richardsfaith@example.net,2020-10-15 00:00:00
631,Steven Moses,jeannetorres@example.com,2023-02-20 00:00:00
632,Melanie Odom,oryan@example.net,2021-02-28 00:00:00
633,Courtney Gibson,xpatton@example.org,2022-05-25 00:00:00
634,Melissa Gilbert,kathrynsmith@example.net,2023-11-07 00:00:00
635,Madeline Wilcox,mollymatthews@example.com,2020-12-03 00:00:00
636,Deanna Tucker,catherinenorris@example.org,2024-12-05 00:00:00
637,Amanda Pace,lmeza@example.net,2021-12-22 00:00:00
638,Joyce Burnett,slove@example.com,2020-05-13 00:00:00
639,Donald Fitzgerald,millerkyle@example.net,2020-03-15 00:00:00
640,Kristi Elliott,christinafernandez@example.com,2020-03-06 00:00:00
641,Toni Woods,kshort@example.org,2023-03-01 00:00:00
642,Felicia Smith,christinacooper@example.com,2022-05-03 00:00:00
643,John Peters,omckee@example.com,2023-06-04 00:00:00
644,Shannon Braun,torreselijah@example.net,2021-06-03 00:00:00
645,Kelly Grant,catherinepena@example.org,2021-07-11 00:00:00
646,Jose Harrison,amandabutler@example.org,2022-07-20 00:00:00
647,Alejandro Allen,jmosley@example.net,2020-06-16 00:00:00
648,Joanna Merritt,millertracy@example.net,2020-02-09 00:00:00
649,Angel Stuart,melissaevans@example.com,2022-05-22 00:00:00
650,Jane Vaughn,riosaaron@example.com,2021-09-29 00:00:00
651,Robert Wilson,davidrivera@example.com,2020-10-27 00:00:00
652,John Brown,pittstodd@example.net,2021-08-21 00:00:00
653,Amanda Barker,harrisonmary@example.org,2021-04-09 00:00:00
654,Randall Bonilla,hayesbernard@example.net,2021-09-17 00:00:00
655,Jaclyn Holland,mosslogan@example.org,2020-11-08 00:00:00
656,Mrs. Taylor Sanders,sullivankathryn@example.org,2022-01-20 00:00:00
657,John Chapman,ztucker@example.net,2023-01-17 00:00:00
658,Ryan Moreno,mark70@example.com,2022-10-09 00:00:00
659,Charles Love,robertgonzalez@example.net,2022-01-01 00:00:00
660,Ms. Rachel Jones,frojas@example.com,2021-01-05 00:00:00
661,David Johnson,charles62@example.org,2020-02-10 00:00:00
662,Daniel Taylor,gregorykramer@example.org,2024-09-28 00:00:00
663,Richard Williams,xconway@example.org,2022-12-28 00:00:00
664,Diana Villarreal,smithjoseph@example.org,2022-04-11 00:00:00
665,Mary Owens,pgarcia@example.com,2023-11-06 00:00:00
666,Travis Riley,danielcarlson@example.org,2024-06-06 00:00:00
667,Adam Dunlap,ecruz@example.org,2021-01-04 00:00:00
668,Brian Bailey,sandra66@example.net,2021-11-06 00:00:00
669,Tracy Roth,jakejohnson@example.org,2020-02-08 00:00:00
670,Nicholas Wood,hurleyrichard@example.com,2022-02-04 00:00:00
671,Jacob Bautista,shawn85@example.com,2024-07-07 00:00:00
672,Sheri Freeman,catherine99@example.org,2022-07-20 00:00:00
673,Brandon Davenport,michelle50@example.com,2022-12-09 00:00:00
674,Jamie Hinton,vbowers@example.org,2022-04-11 00:00:00
675,Kathryn Hutchinson,barbermegan@example.net,2021-05-28 00:00:00
676,David Harper,anthony99@example.org,2024-06-02 00:00:00
677,Justin Salas,campbelllinda@example.com,2024-06-10 00:00:00
678,Thomas Wright,nelliott@example.net,2020-04-06 00:00:00
679,Dr. Sandra Hayes PhD,calvinwalker@example.org,2023-10-07 00:00:00
680,Nicolas Cortez,patrick12@example.net,2020-01-11 00:00:00
681,Ivan Smith,guzmankatherine@example.com,2020-02-22 00:00:00
682,Joseph Anderson,iruiz@example.net,2024-12-01 00:00:00
683,Ronald Garcia,marisa04@example.org,2021-07-22 00:00:00
684,Charles James,hamptonbrianna@example.com,2022-07-05 00:00:00
685,Zachary King,mjohnston@example.com,2023-08-22 00:00:00
686,Bradley Brown,madisonlowe@example.net,2024-05-11 00:00:00
687,Gerald Robinson,martinmichelle@example.com,2020-06-24 00:00:00
688,Ronald Stevens,rebecca97@example.net,2020-01-28 00:00:00
689,Erik Nelson,ylewis@example.com,2024-06-05 00:00:00
690,Kathleen Carter,jasmin05@example.net,2024-12-04 00:00:00
691,Erika Lucas,ucollier@example.org,2020-08-11 00:00:00
692,Jeffrey Bennett,davisphyllis@example.org,2020-08-09 00:00:00
693,Amber Moran,madisonjacobs@example.com,2021-03-06 00:00:00
694,Elizabeth Nicholson,gmiller@example.net,2021-01-26 00:00:00
695,Frank Gardner,aaronrobinson@example.net,2024-07-28 00:00:00
696,David Rice,timothyschmidt@example.org,2021-03-01 00:00:00
697,Christopher Solomon,manuel41@example.net,2021-08-29 00:00:00
698,Brandy Calderon,brianthompson@example.org,2022-03-27 00:00:00
699,Terry Adams,judycontreras@example.org,2020-01-07 00:00:00
700,Teresa Mendoza,herbertlane@example.net,2021-06-03 00:00:00
701,Casey Chen,geraldlee@example.net,2023-06-05 00:00:00
702,Jocelyn Johnson,sserrano@example.org,2020-12-04 00:00:00
703,Jacob Donovan,burnssandra@example.net,2024-05-06 00:00:00
704,James Smith,tbowers@example.org,2022-11-30 00:00:00
705,Jessica Sawyer,john77@example.org,2021-11-06 00:00:00
706,Nicholas Bell,davidvargas@example.net,2020-05-09 00:00:00
707,Pamela Wong,christina95@example.net,2020-03-17 00:00:00
708,Cody Shaw,xblake@example.net,2023-04-15 00:00:00
709,Brandon Thomas,todd22@example.com,2024-03-02 00:00:00
710,Thomas Meyer,johnsonjulia@example.net,2024-08-27 00:00:00
711,Angela Wheeler,kelly68@example.com,2023-10-01 00:00:00
712,Tracey Williams,jmartinez@example.com,2024-02-23 00:00:00
713,Tina Ward,juancook@example.net,2020-02-02 00:00:00
714,Matthew Pugh,tterry@example.com,2020-04-11 00:00:00
715,Ryan Krause,melissamendoza@example.org,2023-07-15 00:00:00
716,Mark Nelson,laura22@example.com,2023-12-05 00:00:00
717,Danielle Mullen,xreynolds@example.net,2021-08-13 00:00:00
718,Barbara Yoder,sheri96@example.net,2021-09-20 00:00:00
719,Kimberly Dickerson,benjaminware@example.net,2020-09-30 00:00:00
720,Catherine Meyer,christopherjohnson@example.net,2024-02-23 00:00:00
721,Jacob Pacheco,brandycurtis@example.org,2023-11-17 00:00:00
722,Robert Stewart,oflores@example.net,2024-10-06 00:00:00
723,Donna Weaver,reidronnie@example.com,2022-09-16 00:00:00
724,Donald Jones,richard54@example.org,2021-03-29 00:00:00
725,Michael Gonzalez,phillipsnyder@example.com,2020-11-03 00:00:00
726,Miss Susan Davidson,dawnbennett@example.org,2022-09-26 00:00:00
727,Jennifer Weiss,brownchristine@example.net,2024-09-06 00:00:00
728,Juan Robinson,randyellison@example.com,2020-01-14 00:00:00
729,Tara Smith,shawlori@example.org,2020-04-26 00:00:00
730,Christine Whitney,luiswarren@example.com,2020-08-14 00:00:00
731,Tracy White,rscott@example.com,2021-02-10 00:00:00
732,Roberto Woodward,kendrasmith@example.com,2020-10-01 00:00:00
733,Janet Farrell,codywalker@example.com,2023-11-18 00:00:00
734,Amy Martinez,halladrian@example.org,2021-10-02 00:00:00
735,Lori Burton,tiffanychan@example.org,2023-01-29 00:00:00
736,Jeffrey Booth,garciabrandy@example.org,2020-06-28 00:00:00
737,James Hamilton,qwilliams@example.org,2021-04-26 00:00:00
738,Andrea Osborne,nicolechurch@example.com,2020-08-30 00:00:00
739,Matthew Harris,olsonsteven@example.net,2024-01-05 00:00:00
740,Brian Lewis,oshaffer@example.com,2024-06-06 00:00:00
741,Meghan Jensen,tara17@example.org,2023-05-29 00:00:00
742,Scott Smith,williamhodge@example.net,2024-08-28 00:00:00
743,Jason Harris,ryanholmes@example.com,2024-07-23 00:00:00
744,Emily Dixon,joseph59@example.org,2021-01-12 00:00:00
745,Elizabeth Gray,marcus83@example.org,2024-06-18 00:00:00
746,Veronica Wise,qparsons@example.com,2022-10-13 00:00:00
747,Alexander Watson,mendezdouglas@example.org,2021-06-03 00:00:00
748,Joseph Calderon,howellmicheal@example.com,2023-01-05 00:00:00
749,Luke Reeves,zwells@example.com,2024-09-06 00:00:00
750,William Castillo,cohensteven@example.net,2022-09-01 00:00:00
751,Kenneth Smith,matthewwarren@example.org,2023-04-27 00:00:00
752,Dale Gregory,whitekelly@example.org,2024-09-27 00:00:00
753,Eric Martin,gtaylor@example.net,2024-11-03 00:00:00
754,Justin Riley,davidbrown@example.net,2021-07-05 00:00:00
755,Kimberly Guerrero,hhernandez@example.org,2023-04-03 00:00:00
756,Timothy Payne,george10@example.com,2024-09-04 00:00:00
757,Timothy Bryant,figueroajoseph@example.org,2024-02-03 00:00:00
758,Michael Thomas,lindseybrandon@example.org,2020-07-30 00:00:00
759,Tracy Nguyen,johnsonmary@example.com,2021-02-23 00:00:00
760,Jeremy Williams,dustinmartin@example.org,2021-04-07 00:00:00
761,Sandra Barnett,qjones@example.com,2020-04-14 00:00:00
762,Gloria Reed,brandon18@example.org,2021-03-28 00:00:00
763,David Hubbard,jodigarcia@example.com,2021-10-07 00:00:00
764,Greg Potts,porterstephanie@example.com,2020-07-17 00:00:00
765,Dennis Johnson,janicewilson@example.org,2024-10-07 00:00:00
766,Patricia Sanchez,mbird@example.org,2023-02-22 00:00:00
767,Jessica Gill,lewisgeorge@example.com,2021-05-28 00:00:00
768,Vickie Arnold,russell04@example.com,2023-09-09 00:00:00
769,Sean Ramos,guzmanrandy@example.net,2022-11-22 00:00:00
770,Peter Harris,boltonbrandon@example.org,2020-02-02 00:00:00
771,Barry Flynn,lpatel@example.org,2022-07-18 00:00:00
772,Christopher Thompson,swallace@example.org,2024-09-23 00:00:00
773,Carolyn Taylor,uvazquez@example.net,2021-01-09 00:00:00
774,Kimberly Fisher,wbean@example.org,2022-11-17 00:00:00
775,Christine Baker,emitchell@example.com,2020-05-11 00:00:00
776,Holly Willis,karen82@example.net,2020-07-27 00:00:00
777,Melissa Tran,harriskimberly@example.com,2020-05-02 00:00:00
778,Samuel Butler,sandrawhite@example.org,2020-05-02 00:00:00
779,Daniel Sanders,fchen@example.org,2024-05-18 00:00:00
780,Melinda Collins,christopher22@example.net,2022-12-14 00:00:00
781,Tyler Meadows,sberg@example.net,2021-09-07 00:00:00
782,Jennifer Chan,aross@example.com,2023-07-29 00:00:00
783,Kayla Schmidt,cameron23@example.com,2021-11-15 00:00:00
784,Christine Riley,adam23@example.net,2020-07-06 00:00:00
785,Scott Long,danielsmith@example.net,2021-06-07 00:00:00
786,Marcus Nelson DVM,dlewis@example.net,2022-06-26 00:00:00
787,Richard White,byrdmikayla@example.com,2020-12-22 00:00:00
788,Deborah Andrews,parksevelyn@example.org,2023-12-28 00:00:00
789,Kyle Gibson,sbishop@example.org,2022-08-31 00:00:00
790,Michael Price,tinaosborne@example.net,2024-01-10 00:00:00
791,Bryan Coleman,espinozaalexander@example.com,2021-08-06 00:00:00
792,Annette Stephens,jadejimenez@example.com,2021-10-27 00:00:00
793,Becky Miller,ostanley@example.org,2024-07-14 00:00:00
794,Brenda Short,gabriellewheeler@example.net,2023-07-09 00:00:00
795,Russell Nelson,karenwilliams@example.com,2020-12-11 00:00:00
796,Jeffrey Miles,alexanderbailey@example.org,2023-10-30 00:00:00
797,Jeremy Jones,thomasweber@example.net,2022-04-29 00:00:00
798,Angela Gonzalez,yalexander@example.net,2020-05-24 00:00:00
799,Alyssa Williams,buchanannancy@example.net,2023-03-16 00:00:00
800,Russell Berry,edean@example.com,2024-07-01 00:00:00
801,Ronald Marks,ojohnson@example.com,2021-02-16 00:00:00
802,Andrew Rodriguez,brianchristian@example.net,2024-09-13 00:00:00
803,Laura West,alexandra02@example.com,2024-03-15 00:00:00
804,Mary Hall,alewis@example.net,2024-05-31 00:00:00
805,Michael Young,isaiahduncan@example.net,2021-07-17 00:00:00
806,Omar Duncan,belldavid@example.org,2020-04-22 00:00:00
807,David Williams,ashley00@example.net,2020-06-27 00:00:00
808,Richard Griffith,ehart@example.org,2021-06-30 00:00:00
809,Monique Burke DDS,huynhkenneth@example.org,2021-02-01 00:00:00
810,Michael Thomas,wlee@example.com,2020-08-25 00:00:00
811,Sharon Chambers,hguerrero@example.org,2023-10-17 00:00:00
812,Brad Carrillo,robertoliver@example.com,2023-12-17 00:00:00
813,Chelsea Fowler,ostewart@example.net,2024-03-16 00:00:00
814,Monica Salazar,shannon44@example.net,2023-10-29 00:00:00
815,Joseph York,robert92@example.com,2020-09-21 00:00:00
816,Erin Fox,susantucker@example.net,2020-05-15 00:00:00
817,Michael Marshall,patrickamanda@example.org,2024-06-14 00:00:00
818,Adriana Terry,mbates@example.net,2020-12-28 00:00:00
819,Elizabeth Wagner,heathersantana@example.com,2024-01-29 00:00:00
820,Douglas Lawson,johnsonlauren@example.org,2024-04-10 00:00:00
821,Gary Stevenson,christensenjames@example.net,2021-06-21 00:00:00
822,Kim Newman,samantha67@example.org,2024-03-22 00:00:00
823,Jason Howard,hicksmichael@example.net,2023-12-26 00:00:00
824,Kimberly Johnson,ffuentes@example.com,2022-06-29 00:00:00
825,Daniel Santiago,kpeters@example.org,2024-03-11 00:00:00
826,Timothy Oneal Jr.,quinnmark@example.com,2020-09-10 00:00:00
827,Eric Wilson,michaelaustin@example.net,2022-09-21 00:00:00
828,Zachary Johns,mmiller@example.net,2022-03-20 00:00:00
829,Daniel Collins,sonia57@example.com,2024-07-24 00:00:00
830,Lauren Morris,justinkeller@example.com,2023-02-25 00:00:00
831,Ryan Thomas,yvonne12@example.net,2024-03-07 00:00:00
832,Veronica Klein,vjones@example.org,2020-10-03 00:00:00
833,Luis Reyes,joshuachristensen@example.org,2024-06-12 00:00:00
834,Martha Fisher,hayleysmith@example.com,2022-10-11 00:00:00
835,Kimberly Burns,paulingram@example.net,2023-08-20 00:00:00
836,Justin Perez,xmathis@example.net,2021-10-15 00:00:00
837,Warren Jacobs,rosemolly@example.net,2024-03-12 00:00:00
838,Barbara Salazar,winterswendy@example.com,2022-12-10 00:00:00
839,William Hayes,gregorycox@example.com,2023-08-28 00:00:00
840,Laura Joseph,mercedesjohnson@example.org,2021-09-24 00:00:00
841,Michael Knight,rleonard@example.com,2021-02-17 00:00:00
842,Justin Juarez,beckholly@example.net,2021-07-04 00:00:00
843,Julia Bell,ali@example.net,2023-08-07 00:00:00
844,Jackie Ortiz,millerjennifer@example.com,2023-04-24 00:00:00
845,Scott Cole,gking@example.com,2021-02-20 00:00:00
846,Amanda Buchanan,nicholasmurray@example.net,2021-12-24 00:00:00
847,Tina Palmer,marcsoto@example.org,2024-10-09 00:00:00
848,Tiffany Brown,stevenatkins@example.net,2023-05-04 00:00:00
849,Bryan Davis,lryan@example.org,2021-06-23 00:00:00
850,Jessica Bowman,sleach@example.org,2024-01-29 00:00:00
851,Jennifer Schneider,williampena@example.org,2021-10-31 00:00:00
852,Sandra Hunt,moniquejones@example.com,2020-08-18 00:00:00
853,Bryan Rodriguez,nmiller@example.org,2020-12-10 00:00:00
854,Michael Conley,scalhoun@example.net,2022-05-17 00:00:00
855,Brian Phillips,marylam@example.com,2021-05-07 00:00:00
856,Lisa Carter,joyce31@example.org,2020-07-14 00:00:00
857,Steven Lee,narias@example.com,2021-03-20 00:00:00
858,Erica Montgomery,shannonlarry@example.net,2024-05-17 00:00:00
859,Peggy Pena,emily84@example.com,2021-05-05 00:00:00
860,James Brown,guerramelinda@example.org,2023-10-12 00:00:00
861,Daniel Harris,gcrane@example.net,2024-01-22 00:00:00
862,Kimberly Jefferson,moralesrobert@example.org,2023-04-27 00:00:00
863,Robert Collins,rhondathomas@example.org,2023-10-14 00:00:00
864,Gary Hernandez,nlewis@example.com,2021-08-16 00:00:00
865,Mary Scott,david75@example.net,2022-11-08 00:00:00
866,Bruce Oliver,alison45@example.net,2022-03-10 00:00:00
867,Jeffrey Myers,ujohnson@example.com,2024-07-26 00:00:00
868,Larry Taylor,stewartwilliam@example.net,2021-07-14 00:00:00
869,Misty Marshall,wdavis@example.net,2024-04-20 00:00:00
870,Kim Gibson,jessicaherrera@example.org,2022-02-07 00:00:00
871,Nicole Vincent,djones@example.net,2024-10-17 00:00:00
872,Angela Watson,christopher89@example.org,2023-08-16 00:00:00
873,Rachel Nguyen,james99@example.com,2020-09-24 00:00:00
874,Monica Bennett,maria77@example.com,2022-08-10 00:00:00
875,Wayne Hess,isolomon@example.net,2021-04-26 00:00:00
876,Debra Duncan,bruce42@example.org,2021-01-02 00:00:00
877,Ashley Henry,perryandrew@example.com,2020-12-04 00:00:00
878,Curtis Smith,kimberlysimpson@example.com,2023-06-11 00:00:00
879,Virginia Wong,gramirez@example.com,2022-03-06 00:00:00
880,Stephanie Salas,lisa97@example.org,2021-08-11 00:00:00
881,Jeffery Castro,kristen03@example.net,2024-08-28 00:00:00
882,Nathan Mccullough,karina24@example.com,2022-10-18 00:00:00
883,Jeffrey Smith,icunningham@example.net,2024-06-09 00:00:00
884,Rhonda Scott,denniswilliams@example.com,2024-06-03 00:00:00
885,Cheryl Alexander,stonemaria@example.org,2023-10-11 00:00:00
886,Destiny Moore,ochoaronald@example.net,2024-10-04 00:00:00
887,Ronald Everett,beasleyjames@example.org,2024-07-09 00:00:00
888,Tammie Levy,jennifer10@example.net,2023-08-29 00:00:00
889,Kathryn Burnett,leechristine@example.org,2022-05-29 00:00:00
890,William Thompson,aschmitt@example.com,2022-01-03 00:00:00
891,Adam Hughes,ihess@example.net,2023-08-30 00:00:00
892,Alejandro Hernandez,rebecca16@example.org,2024-03-28 00:00:00
893,Steven Cortez,chad24@example.net,2022-01-02 00:00:00
894,Donald Sanchez,andrew63@example.org,2024-04-14 00:00:00
895,Steven Terry,rachelshea@example.org,2022-03-09 00:00:00
896,Arthur Watts,bentleyjackie@example.org,2021-08-03 00:00:00
897,Leonard Thomas,sarahgreene@example.net,2022-12-27 00:00:00
898,Tony Acevedo,noah34@example.org,2023-10-22 00:00:00
899,Bryan Stewart,trevor59@example.org,2024-09-21 00:00:00
900,Steve Mclean,xroberson@example.org,2022-12-20 00:00:00
901,Kimberly Castillo,jacksontony@example.org,2021-02-13 00:00:00
902,Anthony Whitney,jennifer24@example.com,2020-07-07 00:00:00
903,Carla Byrd,brooke18@example.net,2020-02-11 00:00:00
904,Michael Lee,angela41@example.org,2023-09-03 00:00:00
905,Benjamin Roberts,benjaminjennifer@example.net,2024-07-04 00:00:00
906,David Walton,david43@example.net,2020-04-23 00:00:00
907,Dr. Kristy Lopez DVM,obrienkayla@example.com,2024-10-07 00:00:00
908,Steven Miller,thomas36@example.com,2020-10-10 00:00:00
909,Brent Wagner,jonathan76@example.com,2023-05-27 00:00:00
910,Brian Lambert,gabrielle04@example.org,2021-10-28 00:00:00
911,Jessica Caldwell,brandonjones@example.net,2024-10-04 00:00:00
912,Brenda Harvey,ethanmurphy@example.com,2020-09-03 00:00:00
913,Juan Murphy,glen73@example.org,2021-12-05 00:00:00
914,Jamie Jimenez,vramos@example.net,2021-10-02 00:00:00
915,Tonya Carlson,elizabethwallace@example.net,2022-02-21 00:00:00
916,Justin Collins,scabrera@example.org,2023-03-06 00:00:00
917,Ellen Williams,stephanie63@example.org,2023-08-27 00:00:00
918,Christina Li,nflores@example.net,2024-08-05 00:00:00
919,Thomas Cook,walkermichael@example.net,2024-08-24 00:00:00
920,Robert Roach,rrios@example.org,2024-07-23 00:00:00
921,Stephen Pennington,ryan03@example.com,2021-04-14 00:00:00
922,Wendy Richardson,andersonjeffrey@example.com,2022-09-04 00:00:00
923,Jose Mendez,tanyaferguson@example.org,2020-04-25 00:00:00
924,Raymond Burgess,jamiemitchell@example.net,2021-08-30 00:00:00
925,Joe Hall,michaelberry@example.com,2023-05-13 00:00:00
926,Mr. William Gilbert,vanessa61@example.com,2024-09-03 00:00:00
927,Neil Walker,fmontes@example.net,2024-02-28 00:00:00
928,Christopher Jones,prichardson@example.org,2022-04-18 00:00:00
929,Rebekah Mason,nancy14@example.net,2022-11-04 00:00:00
930,Christina Miller,trevor31@example.org,2024-07-17 00:00:00
931,Wendy Smith,xshannon@example.net,2024-02-19 00:00:00
932,Tamara Gray,willierandolph@example.org,2021-04-23 00:00:00
933,Jessica Giles,matthewskarl@example.net,2020-07-08 00:00:00
934,Deanna King,riddlemichael@example.org,2020-12-06 00:00:00
935,Susan Lucas,scottjoseph@example.net,2021-01-30 00:00:00
936,Amanda Mcdonald,dgarcia@example.org,2020-03-27 00:00:00
937,April Kline,patricia83@example.net,2023-01-04 00:00:00
938,Brittany White,santanajimmy@example.org,2020-11-14 00:00:00
939,Beth Rosales,qrichardson@example.com,2021-12-20 00:00:00
940,Scott Parrish,albertanderson@example.net,2024-11-29 00:00:00
941,David Hill,jbaker@example.org,2024-08-14 00:00:00
942,Thomas Moreno,zmunoz@example.org,2022-08-12 00:00:00
943,Meagan Tucker,uwright@example.net,2022-06-18 00:00:00
944,Bailey Higgins,turnerbrandy@example.net,2024-11-17 00:00:00
945,Elizabeth Jones,utodd@example.net,2021-10-24 00:00:00
946,Marilyn Crawford,craig97@example.net,2024-09-21 00:00:00
947,Adam Obrien,ashleyjackson@example.com,2024-02-19 00:00:00
948,April Dunn,bridgetwalsh@example.org,2023-10-20 00:00:00
949,Yvette Murray,kristenmartin@example.com,2020-11-27 00:00:00
950,Justin Brown,richard77@example.net,2020-01-24 00:00:00
951,Jeffrey Roman,austinjessica@example.net,2021-11-27 00:00:00
952,Jeremy Guerrero,benjaminhines@example.com,2020-07-04 00:00:00
953,Eduardo Dixon,ismith@example.com,2022-03-27 00:00:00
954,Stephanie Hernandez,smithjennifer@example.com,2021-06-04 00:00:00
955,Haley Sanchez,shannon51@example.org,2023-09-26 00:00:00
956,Sarah Smith,njackson@example.net,2024-01-04 00:00:00
957,Samantha Oconnor,cwade@example.org,2021-07-28 00:00:00
958,Scott Murray,johnsonelijah@example.com,2022-05-22 00:00:00
959,Crystal Ryan,wendy84@example.net,2024-04-18 00:00:00
960,William Wolfe,sandersjack@example.org,2020-06-01 00:00:00
961,Erica Phillips,kevinbruce@example.com,2021-10-11 00:00:00
962,Donald Elliott,jerry11@example.net,2024-07-20 00:00:00
963,Alexander Hernandez,cray@example.com,2021-03-26 00:00:00
964,Mr. Steve Mckinney,rayfry@example.org,2021-04-28 00:00:00
965,Kylie Larsen,cellis@example.net,2023-02-26 00:00:00
966,Jeremy Curtis,catherinecalderon@example.com,2023-06-27 00:00:00
967,Jerry Chavez,ashleystephens@example.org,2020-02-22 00:00:00
968,Emily Hill,jasmine07@example.net,2020-03-03 00:00:00
969,Eric Davis,elliottrobert@example.org,2020-10-16 00:00:00
970,Deborah Lee,gbrown@example.net,2021-01-21 00:00:00
971,Joshua Gutierrez,jorgebaker@example.com,2020-05-20 00:00:00
972,Charles Hood,andrew43@example.com,2021-12-13 00:00:00
973,Charles Harvey,igarcia@example.org,2024-10-23 00:00:00
974,Erin Fitzpatrick,jillian74@example.com,2022-06-30 00:00:00
975,Dillon Martin,jamiemills@example.net,2023-12-10 00:00:00
976,Cassandra Watts,tonyawoods@example.com,2023-06-20 00:00:00
977,Jennifer Wilson,lkent@example.net,2023-08-09 00:00:00
978,Elizabeth Morris,vincentmccormick@example.com,2024-05-19 00:00:00
979,Donna Forbes,melissatorres@example.com,2024-01-16 00:00:00
980,Lisa Hammond,christina98@example.net,2022-07-31 00:00:00
981,Michael Pham,christine92@example.net,2020-07-15 00:00:00
982,Shawn Brady,rwilliams@example.com,2020-07-14 00:00:00
983,Jason Harper,pwest@example.net,2022-07-13 00:00:00
984,Jesse Johnson,lauren56@example.org,2022-08-28 00:00:00
985,Jessica Mcpherson,brendahowe@example.org,2021-04-19 00:00:00
986,Randy Weeks,yaustin@example.org,2023-01-19 00:00:00
987,David Palmer,emily06@example.net,2022-08-09 00:00:00
988,Juan Boyd,tanyasavage@example.net,2021-02-26 00:00:00
989,Blake Gibson,bobby08@example.com,2023-02-01 00:00:00
990,Ryan Finley,prodriguez@example.org,2023-06-04 00:00:00
991,Christopher Campbell,sullivandaniel@example.net,2024-08-26 00:00:00
992,John Farmer,gabriela97@example.net,2024-07-09 00:00:00
993,Stephanie Smith,brookelang@example.net,2021-11-06 00:00:00
994,Michael Collins,beth57@example.org,2023-01-27 00:00:00
995,Paul Reynolds,kristin10@example.net,2020-03-25 00:00:00
996,Matthew Adams,cookdakota@example.net,2022-03-16 00:00:00
997,Kimberly Clarke,mfox@example.com,2023-01-01 00:00:00
998,Anthony Harrison,marshchristine@example.org,2021-02-25 00:00:00
999,Suzanne Huber,gcarr@example.net,2022-11-09 00:00:00
1000,Mark Cruz,yscott@example.org,2022-03-28 00:00:00
